[{"model": "admin.logentry", "pk": 1, "fields": {"action_time": "2023-12-22T13:43:18.282Z", "user": 1, "content_type": 7, "object_id": "1", "object_repr": "alirezamaleki@gmail.com", "action_flag": 1, "change_message": "[{\"added\": {}}]"}}, {"model": "admin.logentry", "pk": 2, "fields": {"action_time": "2023-12-22T14:27:17.040Z", "user": 1, "content_type": 7, "object_id": "1", "object_repr": "alirezamaleki@gmail.com", "action_flag": 2, "change_message": "[{\"changed\": {\"fields\": [\"Profile picture\", \"Cover photo\"]}}]"}}, {"model": "admin.logentry", "pk": 3, "fields": {"action_time": "2023-12-23T13:26:40.769Z", "user": 1, "content_type": 7, "object_id": "1", "object_repr": "alirezamaleki@gmail.com", "action_flag": 3, "change_message": ""}}, {"model": "admin.logentry", "pk": 4, "fields": {"action_time": "2023-12-23T13:26:52.405Z", "user": 1, "content_type": 6, "object_id": "1", "object_repr": "alirezamaleki@gmail.com", "action_flag": 2, "change_message": "[{\"changed\": {\"fields\": [\"Phone number\"]}}]"}}, {"model": "admin.logentry", "pk": 5, "fields": {"action_time": "2023-12-23T13:28:20.698Z", "user": 1, "content_type": 6, "object_id": "2", "object_repr": "", "action_flag": 1, "change_message": "[{\"added\": {}}]"}}, {"model": "admin.logentry", "pk": 6, "fields": {"action_time": "2023-12-23T13:31:32.260Z", "user": 1, "content_type": 6, "object_id": "2", "object_repr": "", "action_flag": 3, "change_message": ""}}, {"model": "admin.logentry", "pk": 7, "fields": {"action_time": "2024-01-14T18:16:46.880Z", "user": 1, "content_type": 6, "object_id": "11", "object_repr": "test10@test10.com", "action_flag": 3, "change_message": ""}}, {"model": "admin.logentry", "pk": 8, "fields": {"action_time": "2024-01-14T18:16:46.884Z", "user": 1, "content_type": 6, "object_id": "10", "object_repr": "test8@test.com", "action_flag": 3, "change_message": ""}}, {"model": "admin.logentry", "pk": 9, "fields": {"action_time": "2024-01-14T18:16:46.885Z", "user": 1, "content_type": 6, "object_id": "9", "object_repr": "test7@test.com", "action_flag": 3, "change_message": ""}}, {"model": "admin.logentry", "pk": 10, "fields": {"action_time": "2024-01-14T18:16:46.886Z", "user": 1, "content_type": 6, "object_id": "8", "object_repr": "test6@test.com", "action_flag": 3, "change_message": ""}}, {"model": "admin.logentry", "pk": 11, "fields": {"action_time": "2024-01-14T18:16:46.887Z", "user": 1, "content_type": 6, "object_id": "7", "object_repr": "test5@test.com", "action_flag": 3, "change_message": ""}}, {"model": "admin.logentry", "pk": 12, "fields": {"action_time": "2024-01-14T18:16:46.888Z", "user": 1, "content_type": 6, "object_id": "6", "object_repr": "test4@test.com", "action_flag": 3, "change_message": ""}}, {"model": "admin.logentry", "pk": 13, "fields": {"action_time": "2024-01-14T18:16:46.889Z", "user": 1, "content_type": 6, "object_id": "5", "object_repr": "test2@test.com", "action_flag": 3, "change_message": ""}}, {"model": "admin.logentry", "pk": 14, "fields": {"action_time": "2024-01-14T18:16:46.889Z", "user": 1, "content_type": 6, "object_id": "4", "object_repr": "test1@test.com", "action_flag": 3, "change_message": ""}}, {"model": "admin.logentry", "pk": 15, "fields": {"action_time": "2024-01-14T18:16:46.890Z", "user": 1, "content_type": 6, "object_id": "3", "object_repr": "amaleki@ea.com", "action_flag": 3, "change_message": ""}}, {"model": "admin.logentry", "pk": 16, "fields": {"action_time": "2024-01-19T12:31:26.180Z", "user": 1, "content_type": 6, "object_id": "13", "object_repr": "test12@test12.com", "action_flag": 2, "change_message": "[{\"changed\": {\"fields\": [\"Is active\"]}}]"}}, {"model": "admin.logentry", "pk": 17, "fields": {"action_time": "2024-01-19T12:31:29.526Z", "user": 1, "content_type": 6, "object_id": "12", "object_repr": "test11@test11.com", "action_flag": 2, "change_message": "[{\"changed\": {\"fields\": [\"Is active\"]}}]"}}, {"model": "admin.logentry", "pk": 18, "fields": {"action_time": "2024-01-22T14:29:20.548Z", "user": 1, "content_type": 6, "object_id": "13", "object_repr": "test12@test12.com", "action_flag": 2, "change_message": "[{\"changed\": {\"fields\": [\"Role\"]}}]"}}, {"model": "admin.logentry", "pk": 19, "fields": {"action_time": "2024-01-28T23:00:34.465Z", "user": 1, "content_type": 6, "object_id": "14", "object_repr": "amaleki@ea.com", "action_flag": 3, "change_message": ""}}, {"model": "admin.logentry", "pk": 20, "fields": {"action_time": "2024-01-28T23:01:30.247Z", "user": 1, "content_type": 6, "object_id": "15", "object_repr": "amaleki@ea.com", "action_flag": 3, "change_message": ""}}, {"model": "admin.logentry", "pk": 21, "fields": {"action_time": "2024-01-29T13:17:11.325Z", "user": 1, "content_type": 6, "object_id": "16", "object_repr": "amaleki@ea.com", "action_flag": 3, "change_message": ""}}, {"model": "admin.logentry", "pk": 22, "fields": {"action_time": "2024-02-01T15:15:05.627Z", "user": 1, "content_type": 8, "object_id": "2", "object_repr": "Adagha", "action_flag": 2, "change_message": "[{\"changed\": {\"fields\": [\"Is approved\"]}}]"}}, {"model": "admin.logentry", "pk": 23, "fields": {"action_time": "2024-02-01T15:16:42.949Z", "user": 1, "content_type": 8, "object_id": "2", "object_repr": "Adagha", "action_flag": 2, "change_message": "[{\"changed\": {\"fields\": [\"Is approved\"]}}]"}}, {"model": "admin.logentry", "pk": 24, "fields": {"action_time": "2024-02-01T15:25:50.407Z", "user": 1, "content_type": 8, "object_id": "2", "object_repr": "Adagha", "action_flag": 2, "change_message": "[{\"changed\": {\"fields\": [\"Is approved\"]}}]"}}, {"model": "admin.logentry", "pk": 25, "fields": {"action_time": "2024-02-02T12:12:50.763Z", "user": 1, "content_type": 6, "object_id": "18", "object_repr": "alirezamaleki@hotmail.com", "action_flag": 3, "change_message": ""}}, {"model": "admin.logentry", "pk": 26, "fields": {"action_time": "2024-02-02T12:14:00.086Z", "user": 1, "content_type": 6, "object_id": "19", "object_repr": "alirezamaleki@hotmail.com", "action_flag": 2, "change_message": "[{\"changed\": {\"fields\": [\"Is active\"]}}]"}}, {"model": "admin.logentry", "pk": 27, "fields": {"action_time": "2024-02-06T12:57:28.959Z", "user": 1, "content_type": 7, "object_id": "13", "object_repr": "test11@test11.com", "action_flag": 2, "change_message": "[{\"changed\": {\"fields\": [\"Profile picture\", \"Cover photo\"]}}]"}}, {"model": "admin.logentry", "pk": 28, "fields": {"action_time": "2024-02-06T12:57:54.256Z", "user": 1, "content_type": 7, "object_id": "20", "object_repr": "alirezamaleki@hotmail.com", "action_flag": 2, "change_message": "[{\"changed\": {\"fields\": [\"Profile picture\", \"Cover photo\"]}}]"}}, {"model": "admin.logentry", "pk": 29, "fields": {"action_time": "2024-02-06T12:59:00.166Z", "user": 1, "content_type": 7, "object_id": "13", "object_repr": "test11@test11.com", "action_flag": 2, "change_message": "[{\"changed\": {\"fields\": [\"Address line 1\", \"Address line 2\", \"Country\", \"State\", \"City\", \"Pin code\"]}}]"}}, {"model": "admin.logentry", "pk": 30, "fields": {"action_time": "2024-02-06T13:14:42.018Z", "user": 1, "content_type": 8, "object_id": "4", "object_repr": "Behrouz Burgers", "action_flag": 1, "change_message": "[{\"added\": {}}]"}}, {"model": "admin.logentry", "pk": 31, "fields": {"action_time": "2024-02-13T12:45:51.364Z", "user": 1, "content_type": 7, "object_id": "2", "object_repr": "alirezamaleki@gmail.com", "action_flag": 2, "change_message": "[{\"changed\": {\"fields\": [\"Address\"]}}]"}}, {"model": "admin.logentry", "pk": 32, "fields": {"action_time": "2024-03-04T15:26:47.442Z", "user": 1, "content_type": 10, "object_id": "1", "object_repr": "Burgers", "action_flag": 1, "change_message": "[{\"added\": {}}]"}}, {"model": "admin.logentry", "pk": 33, "fields": {"action_time": "2024-03-04T15:27:10.693Z", "user": 1, "content_type": 10, "object_id": "2", "object_repr": "Sea Food", "action_flag": 1, "change_message": "[{\"added\": {}}]"}}, {"model": "admin.logentry", "pk": 34, "fields": {"action_time": "2024-03-04T15:27:45.072Z", "user": 1, "content_type": 10, "object_id": "3", "object_repr": "Pizza", "action_flag": 1, "change_message": "[{\"added\": {}}]"}}, {"model": "admin.logentry", "pk": 35, "fields": {"action_time": "2024-03-04T15:28:03.907Z", "user": 1, "content_type": 10, "object_id": "4", "object_repr": "Chicken", "action_flag": 1, "change_message": "[{\"added\": {}}]"}}, {"model": "admin.logentry", "pk": 36, "fields": {"action_time": "2024-03-04T15:46:00.433Z", "user": 1, "content_type": 9, "object_id": "1", "object_repr": "Burger One", "action_flag": 1, "change_message": "[{\"added\": {}}]"}}, {"model": "admin.logentry", "pk": 37, "fields": {"action_time": "2024-03-04T15:48:57.112Z", "user": 1, "content_type": 9, "object_id": "2", "object_repr": "Barbecue Chicken", "action_flag": 1, "change_message": "[{\"added\": {}}]"}}, {"model": "admin.logentry", "pk": 38, "fields": {"action_time": "2024-03-04T15:49:36.316Z", "user": 1, "content_type": 9, "object_id": "3", "object_repr": "Fied Chicken", "action_flag": 1, "change_message": "[{\"added\": {}}]"}}, {"model": "admin.logentry", "pk": 39, "fields": {"action_time": "2024-03-04T15:50:10.559Z", "user": 1, "content_type": 9, "object_id": "4", "object_repr": "Sea Food One", "action_flag": 1, "change_message": "[{\"added\": {}}]"}}, {"model": "admin.logentry", "pk": 40, "fields": {"action_time": "2024-03-04T15:50:43.577Z", "user": 1, "content_type": 9, "object_id": "5", "object_repr": "Pizza One", "action_flag": 1, "change_message": "[{\"added\": {}}]"}}, {"model": "admin.logentry", "pk": 41, "fields": {"action_time": "2024-03-04T15:51:15.277Z", "user": 1, "content_type": 9, "object_id": "6", "object_repr": "Italian Pizza", "action_flag": 1, "change_message": "[{\"added\": {}}]"}}, {"model": "admin.logentry", "pk": 42, "fields": {"action_time": "2024-03-06T16:01:47.108Z", "user": 1, "content_type": 10, "object_id": "5", "object_repr": "test blank", "action_flag": 1, "change_message": "[{\"added\": {}}]"}}, {"model": "admin.logentry", "pk": 43, "fields": {"action_time": "2024-03-12T15:11:43.484Z", "user": 1, "content_type": 9, "object_id": "9", "object_repr": "American Pizza", "action_flag": 1, "change_message": "[{\"added\": {}}]"}}, {"model": "admin.logentry", "pk": 44, "fields": {"action_time": "2024-03-13T13:37:36.213Z", "user": 1, "content_type": 8, "object_id": "4", "object_repr": "Behrouz Burgers Asl", "action_flag": 2, "change_message": "[{\"changed\": {\"fields\": [\"User\", \"User profile\"]}}]"}}, {"model": "admin.logentry", "pk": 45, "fields": {"action_time": "2024-03-13T13:37:55.049Z", "user": 1, "content_type": 6, "object_id": "19", "object_repr": "alirezamaleki@hotmail.com", "action_flag": 3, "change_message": ""}}, {"model": "admin.logentry", "pk": 46, "fields": {"action_time": "2024-03-14T11:38:47.253Z", "user": 1, "content_type": 8, "object_id": "5", "object_repr": "Pizza Aftab", "action_flag": 2, "change_message": "[{\"changed\": {\"fields\": [\"Is approved\"]}}]"}}, {"model": "admin.logentry", "pk": 47, "fields": {"action_time": "2024-03-14T11:38:48.046Z", "user": 1, "content_type": 8, "object_id": "1", "object_repr": "test12", "action_flag": 2, "change_message": "[{\"changed\": {\"fields\": [\"Is approved\"]}}]"}}, {"model": "admin.logentry", "pk": 48, "fields": {"action_time": "2024-03-14T12:27:22.756Z", "user": 1, "content_type": 7, "object_id": "21", "object_repr": "alirezamaleki@hotmail.com", "action_flag": 2, "change_message": "[{\"changed\": {\"fields\": [\"State\", \"City\"]}}]"}}, {"model": "admin.logentry", "pk": 49, "fields": {"action_time": "2024-03-14T12:29:06.487Z", "user": 1, "content_type": 7, "object_id": "21", "object_repr": "alirezamaleki@hotmail.com", "action_flag": 2, "change_message": "[{\"changed\": {\"fields\": [\"Pin code\"]}}]"}}, {"model": "admin.logentry", "pk": 50, "fields": {"action_time": "2024-03-15T12:58:48.799Z", "user": 1, "content_type": 8, "object_id": "5", "object_repr": "Pizza Aftab", "action_flag": 2, "change_message": "[{\"changed\": {\"fields\": [\"Vendor slug\"]}}]"}}, {"model": "admin.logentry", "pk": 51, "fields": {"action_time": "2024-03-15T12:58:57.071Z", "user": 1, "content_type": 8, "object_id": "5", "object_repr": "Pizza Aftab", "action_flag": 2, "change_message": "[]"}}, {"model": "admin.logentry", "pk": 52, "fields": {"action_time": "2024-03-15T12:59:09.227Z", "user": 1, "content_type": 8, "object_id": "4", "object_repr": "Behrouz Burgers Asl", "action_flag": 2, "change_message": "[{\"changed\": {\"fields\": [\"Vendor slug\"]}}]"}}, {"model": "admin.logentry", "pk": 53, "fields": {"action_time": "2024-03-15T12:59:17.554Z", "user": 1, "content_type": 8, "object_id": "1", "object_repr": "test12", "action_flag": 2, "change_message": "[{\"changed\": {\"fields\": [\"Vendor slug\"]}}]"}}, {"model": "admin.logentry", "pk": 54, "fields": {"action_time": "2024-03-16T12:36:20.422Z", "user": 1, "content_type": 7, "object_id": "21", "object_repr": "alirezamaleki@hotmail.com", "action_flag": 2, "change_message": "[{\"changed\": {\"fields\": [\"Cover photo\"]}}]"}}, {"model": "admin.logentry", "pk": 55, "fields": {"action_time": "2024-03-16T12:36:38.117Z", "user": 1, "content_type": 7, "object_id": "21", "object_repr": "alirezamaleki@hotmail.com", "action_flag": 2, "change_message": "[{\"changed\": {\"fields\": [\"Profile picture\"]}}]"}}, {"model": "admin.logentry", "pk": 56, "fields": {"action_time": "2024-03-16T12:36:49.170Z", "user": 1, "content_type": 7, "object_id": "2", "object_repr": "alirezamaleki@gmail.com", "action_flag": 2, "change_message": "[{\"changed\": {\"fields\": [\"Profile picture\", \"Cover photo\"]}}]"}}, {"model": "admin.logentry", "pk": 57, "fields": {"action_time": "2024-03-16T12:37:02.307Z", "user": 1, "content_type": 7, "object_id": "14", "object_repr": "test12@test12.com", "action_flag": 2, "change_message": "[{\"changed\": {\"fields\": [\"Profile picture\", \"Cover photo\"]}}]"}}, {"model": "admin.logentry", "pk": 58, "fields": {"action_time": "2024-03-25T12:26:22.764Z", "user": 1, "content_type": 11, "object_id": "12", "object_repr": "Cart object (12)", "action_flag": 3, "change_message": ""}}, {"model": "admin.logentry", "pk": 59, "fields": {"action_time": "2024-03-25T12:26:22.768Z", "user": 1, "content_type": 11, "object_id": "11", "object_repr": "Cart object (11)", "action_flag": 3, "change_message": ""}}, {"model": "admin.logentry", "pk": 60, "fields": {"action_time": "2024-03-25T12:26:22.769Z", "user": 1, "content_type": 11, "object_id": "10", "object_repr": "Cart object (10)", "action_flag": 3, "change_message": ""}}, {"model": "admin.logentry", "pk": 61, "fields": {"action_time": "2024-03-25T12:26:22.770Z", "user": 1, "content_type": 11, "object_id": "9", "object_repr": "Cart object (9)", "action_flag": 3, "change_message": ""}}, {"model": "admin.logentry", "pk": 62, "fields": {"action_time": "2024-03-25T12:26:22.771Z", "user": 1, "content_type": 11, "object_id": "8", "object_repr": "Cart object (8)", "action_flag": 3, "change_message": ""}}, {"model": "admin.logentry", "pk": 63, "fields": {"action_time": "2024-03-25T12:26:22.771Z", "user": 1, "content_type": 11, "object_id": "7", "object_repr": "Cart object (7)", "action_flag": 3, "change_message": ""}}, {"model": "admin.logentry", "pk": 64, "fields": {"action_time": "2024-03-25T12:26:22.772Z", "user": 1, "content_type": 11, "object_id": "6", "object_repr": "Cart object (6)", "action_flag": 3, "change_message": ""}}, {"model": "admin.logentry", "pk": 65, "fields": {"action_time": "2024-03-25T12:26:22.772Z", "user": 1, "content_type": 11, "object_id": "5", "object_repr": "Cart object (5)", "action_flag": 3, "change_message": ""}}, {"model": "admin.logentry", "pk": 66, "fields": {"action_time": "2024-03-25T12:26:22.773Z", "user": 1, "content_type": 11, "object_id": "4", "object_repr": "Cart object (4)", "action_flag": 3, "change_message": ""}}, {"model": "admin.logentry", "pk": 67, "fields": {"action_time": "2024-03-25T12:26:22.774Z", "user": 1, "content_type": 11, "object_id": "3", "object_repr": "Cart object (3)", "action_flag": 3, "change_message": ""}}, {"model": "admin.logentry", "pk": 68, "fields": {"action_time": "2024-03-25T12:26:22.774Z", "user": 1, "content_type": 11, "object_id": "2", "object_repr": "Cart object (2)", "action_flag": 3, "change_message": ""}}, {"model": "admin.logentry", "pk": 69, "fields": {"action_time": "2024-03-25T12:26:22.774Z", "user": 1, "content_type": 11, "object_id": "1", "object_repr": "Cart object (1)", "action_flag": 3, "change_message": ""}}, {"model": "admin.logentry", "pk": 70, "fields": {"action_time": "2024-03-25T12:37:22.800Z", "user": 1, "content_type": 11, "object_id": "16", "object_repr": "Cart object (16)", "action_flag": 3, "change_message": ""}}, {"model": "admin.logentry", "pk": 71, "fields": {"action_time": "2024-03-25T12:37:22.803Z", "user": 1, "content_type": 11, "object_id": "15", "object_repr": "Cart object (15)", "action_flag": 3, "change_message": ""}}, {"model": "admin.logentry", "pk": 72, "fields": {"action_time": "2024-03-25T12:37:22.804Z", "user": 1, "content_type": 11, "object_id": "14", "object_repr": "Cart object (14)", "action_flag": 3, "change_message": ""}}, {"model": "admin.logentry", "pk": 73, "fields": {"action_time": "2024-03-25T12:37:22.805Z", "user": 1, "content_type": 11, "object_id": "13", "object_repr": "Cart object (13)", "action_flag": 3, "change_message": ""}}, {"model": "admin.logentry", "pk": 74, "fields": {"action_time": "2024-03-27T13:19:39.887Z", "user": 1, "content_type": 11, "object_id": "29", "object_repr": "Cart object (29)", "action_flag": 3, "change_message": ""}}, {"model": "admin.logentry", "pk": 75, "fields": {"action_time": "2024-03-27T13:19:39.892Z", "user": 1, "content_type": 11, "object_id": "28", "object_repr": "Cart object (28)", "action_flag": 3, "change_message": ""}}, {"model": "admin.logentry", "pk": 76, "fields": {"action_time": "2024-03-27T13:19:39.893Z", "user": 1, "content_type": 11, "object_id": "20", "object_repr": "Cart object (20)", "action_flag": 3, "change_message": ""}}, {"model": "admin.logentry", "pk": 77, "fields": {"action_time": "2024-03-27T13:19:39.894Z", "user": 1, "content_type": 11, "object_id": "19", "object_repr": "Cart object (19)", "action_flag": 3, "change_message": ""}}, {"model": "admin.logentry", "pk": 78, "fields": {"action_time": "2024-03-30T15:00:18.283Z", "user": 1, "content_type": 8, "object_id": "7", "object_repr": "Fifth Restaurant", "action_flag": 2, "change_message": "[{\"changed\": {\"fields\": [\"Is approved\"]}}]"}}, {"model": "admin.logentry", "pk": 79, "fields": {"action_time": "2024-03-30T15:00:47.485Z", "user": 1, "content_type": 6, "object_id": "22", "object_repr": "firstrestaurant.foodonline@gmail.com", "action_flag": 2, "change_message": "[{\"changed\": {\"fields\": [\"Is active\"]}}]"}}, {"model": "admin.logentry", "pk": 80, "fields": {"action_time": "2024-03-30T15:15:20.514Z", "user": 1, "content_type": 8, "object_id": "8", "object_repr": "secondrestaurant", "action_flag": 2, "change_message": "[{\"changed\": {\"fields\": [\"Is approved\"]}}]"}}, {"model": "admin.logentry", "pk": 81, "fields": {"action_time": "2024-03-30T15:15:22.630Z", "user": 1, "content_type": 8, "object_id": "8", "object_repr": "secondrestaurant", "action_flag": 2, "change_message": "[{\"changed\": {\"fields\": [\"Is approved\"]}}]"}}, {"model": "admin.logentry", "pk": 82, "fields": {"action_time": "2024-03-30T15:15:32.975Z", "user": 1, "content_type": 6, "object_id": "23", "object_repr": "secondrestaurant.foodonline@gmail.com", "action_flag": 2, "change_message": "[{\"changed\": {\"fields\": [\"Is active\"]}}]"}}, {"model": "admin.logentry", "pk": 83, "fields": {"action_time": "2024-03-30T15:27:31.991Z", "user": 1, "content_type": 8, "object_id": "10", "object_repr": "fourthrestaurant", "action_flag": 2, "change_message": "[{\"changed\": {\"fields\": [\"Is approved\"]}}]"}}, {"model": "admin.logentry", "pk": 84, "fields": {"action_time": "2024-03-30T15:27:45.430Z", "user": 1, "content_type": 8, "object_id": "9", "object_repr": "thirdrestaurant", "action_flag": 2, "change_message": "[{\"changed\": {\"fields\": [\"Is approved\"]}}]"}}, {"model": "admin.logentry", "pk": 85, "fields": {"action_time": "2024-03-30T15:28:03.409Z", "user": 1, "content_type": 6, "object_id": "24", "object_repr": "thirdrestaurant.foodonline@gmail.com", "action_flag": 2, "change_message": "[{\"changed\": {\"fields\": [\"Is active\"]}}]"}}, {"model": "admin.logentry", "pk": 86, "fields": {"action_time": "2024-03-30T15:28:19.602Z", "user": 1, "content_type": 6, "object_id": "25", "object_repr": "fourthrestaurant.foodonline@gmail.com", "action_flag": 2, "change_message": "[{\"changed\": {\"fields\": [\"Is active\"]}}]"}}, {"model": "admin.logentry", "pk": 87, "fields": {"action_time": "2024-04-04T13:38:13.721Z", "user": 1, "content_type": 7, "object_id": "23", "object_repr": "firstrestaurant.foodonline@gmail.com", "action_flag": 2, "change_message": "[{\"changed\": {\"fields\": [\"Location\"]}}]"}}, {"model": "admin.logentry", "pk": 88, "fields": {"action_time": "2024-04-04T14:58:08.969Z", "user": 1, "content_type": 8, "object_id": "6", "object_repr": "Pizza1930", "action_flag": 2, "change_message": "[{\"changed\": {\"fields\": [\"Is approved\"]}}]"}}, {"model": "admin.logentry", "pk": 89, "fields": {"action_time": "2024-04-04T15:02:00.458Z", "user": 1, "content_type": 7, "object_id": "23", "object_repr": "firstrestaurant.foodonline@gmail.com", "action_flag": 2, "change_message": "[]"}}, {"model": "admin.logentry", "pk": 90, "fields": {"action_time": "2024-04-04T15:02:13.366Z", "user": 1, "content_type": 7, "object_id": "24", "object_repr": "secondrestaurant.foodonline@gmail.com", "action_flag": 2, "change_message": "[]"}}, {"model": "admin.logentry", "pk": 91, "fields": {"action_time": "2024-04-04T15:02:19.885Z", "user": 1, "content_type": 7, "object_id": "25", "object_repr": "thirdrestaurant.foodonline@gmail.com", "action_flag": 2, "change_message": "[]"}}, {"model": "admin.logentry", "pk": 92, "fields": {"action_time": "2024-04-04T15:02:25.867Z", "user": 1, "content_type": 7, "object_id": "26", "object_repr": "fourthrestaurant.foodonline@gmail.com", "action_flag": 2, "change_message": "[]"}}, {"model": "admin.logentry", "pk": 93, "fields": {"action_time": "2024-04-06T13:32:41.791Z", "user": 1, "content_type": 12, "object_id": "1", "object_repr": "OpeningHour object (1)", "action_flag": 1, "change_message": "[{\"added\": {}}]"}}, {"model": "admin.logentry", "pk": 94, "fields": {"action_time": "2024-04-06T15:23:57.957Z", "user": 1, "content_type": 12, "object_id": "1", "object_repr": "Monday", "action_flag": 2, "change_message": "[]"}}, {"model": "admin.logentry", "pk": 95, "fields": {"action_time": "2024-04-06T15:24:28.472Z", "user": 1, "content_type": 12, "object_id": "2", "object_repr": "Monday", "action_flag": 1, "change_message": "[{\"added\": {}}]"}}, {"model": "admin.logentry", "pk": 96, "fields": {"action_time": "2024-04-07T12:57:58.447Z", "user": 1, "content_type": 12, "object_id": "6", "object_repr": "Wednesday", "action_flag": 3, "change_message": ""}}, {"model": "admin.logentry", "pk": 97, "fields": {"action_time": "2024-04-07T12:57:58.456Z", "user": 1, "content_type": 12, "object_id": "7", "object_repr": "Thursday", "action_flag": 3, "change_message": ""}}, {"model": "admin.logentry", "pk": 98, "fields": {"action_time": "2024-04-07T12:57:58.458Z", "user": 1, "content_type": 12, "object_id": "8", "object_repr": "Friday", "action_flag": 3, "change_message": ""}}, {"model": "admin.logentry", "pk": 99, "fields": {"action_time": "2024-04-07T12:57:58.459Z", "user": 1, "content_type": 12, "object_id": "9", "object_repr": "Saturday", "action_flag": 3, "change_message": ""}}, {"model": "admin.logentry", "pk": 100, "fields": {"action_time": "2024-04-07T12:57:58.460Z", "user": 1, "content_type": 12, "object_id": "10", "object_repr": "Sunday", "action_flag": 3, "change_message": ""}}, {"model": "admin.logentry", "pk": 101, "fields": {"action_time": "2024-04-07T16:32:23.747Z", "user": 1, "content_type": 12, "object_id": "1", "object_repr": "Monday", "action_flag": 2, "change_message": "[]"}}, {"model": "admin.logentry", "pk": 102, "fields": {"action_time": "2024-04-07T16:32:34.865Z", "user": 1, "content_type": 12, "object_id": "34", "object_repr": "Tuesday", "action_flag": 1, "change_message": "[{\"added\": {}}]"}}, {"model": "admin.logentry", "pk": 103, "fields": {"action_time": "2024-04-07T16:32:47.940Z", "user": 1, "content_type": 12, "object_id": "35", "object_repr": "Wednesday", "action_flag": 1, "change_message": "[{\"added\": {}}]"}}, {"model": "admin.logentry", "pk": 104, "fields": {"action_time": "2024-04-07T16:32:59.591Z", "user": 1, "content_type": 12, "object_id": "36", "object_repr": "Saturday", "action_flag": 1, "change_message": "[{\"added\": {}}]"}}, {"model": "admin.logentry", "pk": 105, "fields": {"action_time": "2024-04-07T16:33:06.437Z", "user": 1, "content_type": 12, "object_id": "37", "object_repr": "Sunday", "action_flag": 1, "change_message": "[{\"added\": {}}]"}}, {"model": "admin.logentry", "pk": 106, "fields": {"action_time": "2024-04-07T16:33:37.092Z", "user": 1, "content_type": 12, "object_id": "38", "object_repr": "Thursday", "action_flag": 1, "change_message": "[{\"added\": {}}]"}}, {"model": "admin.logentry", "pk": 107, "fields": {"action_time": "2024-04-07T16:33:49.296Z", "user": 1, "content_type": 12, "object_id": "39", "object_repr": "Friday", "action_flag": 1, "change_message": "[{\"added\": {}}]"}}, {"model": "admin.logentry", "pk": 108, "fields": {"action_time": "2024-04-08T04:32:02.272Z", "user": 1, "content_type": 12, "object_id": "37", "object_repr": "Sunday", "action_flag": 2, "change_message": "[{\"changed\": {\"fields\": [\"From hour\", \"To hour\", \"Is closed\"]}}]"}}, {"model": "admin.logentry", "pk": 109, "fields": {"action_time": "2024-04-08T04:32:30.725Z", "user": 1, "content_type": 12, "object_id": "40", "object_repr": "Sunday", "action_flag": 1, "change_message": "[{\"added\": {}}]"}}, {"model": "admin.logentry", "pk": 110, "fields": {"action_time": "2024-04-08T04:55:34.773Z", "user": 1, "content_type": 12, "object_id": "40", "object_repr": "Sunday", "action_flag": 2, "change_message": "[{\"changed\": {\"fields\": [\"To hour\"]}}]"}}, {"model": "admin.logentry", "pk": 111, "fields": {"action_time": "2024-04-08T05:26:47.881Z", "user": 1, "content_type": 8, "object_id": "6", "object_repr": "Pizza1930", "action_flag": 3, "change_message": ""}}, {"model": "admin.logentry", "pk": 112, "fields": {"action_time": "2024-04-08T05:26:47.884Z", "user": 1, "content_type": 8, "object_id": "1", "object_repr": "test12", "action_flag": 3, "change_message": ""}}, {"model": "admin.logentry", "pk": 113, "fields": {"action_time": "2024-04-08T05:40:55.831Z", "user": 1, "content_type": 12, "object_id": "40", "object_repr": "Sunday", "action_flag": 2, "change_message": "[{\"changed\": {\"fields\": [\"To hour\"]}}]"}}, {"model": "admin.logentry", "pk": 114, "fields": {"action_time": "2024-04-08T13:40:52.725Z", "user": 1, "content_type": 13, "object_id": "1", "object_repr": "GST", "action_flag": 1, "change_message": "[{\"added\": {}}]"}}, {"model": "admin.logentry", "pk": 115, "fields": {"action_time": "2024-04-08T13:41:03.237Z", "user": 1, "content_type": 13, "object_id": "2", "object_repr": "PST", "action_flag": 1, "change_message": "[{\"added\": {}}]"}}, {"model": "admin.logentry", "pk": 116, "fields": {"action_time": "2024-04-09T12:10:36.581Z", "user": 1, "content_type": 6, "object_id": "17", "object_repr": "ali60vip@yahoo.com", "action_flag": 3, "change_message": ""}}, {"model": "admin.logentry", "pk": 117, "fields": {"action_time": "2024-04-09T12:19:15.333Z", "user": 1, "content_type": 6, "object_id": "26", "object_repr": "ali60vip@yahoo.com", "action_flag": 2, "change_message": "[{\"changed\": {\"fields\": [\"Is active\"]}}]"}}, {"model": "admin.logentry", "pk": 118, "fields": {"action_time": "2024-04-09T15:15:38.191Z", "user": 1, "content_type": 7, "object_id": "27", "object_repr": "ali60vip@yahoo.com", "action_flag": 2, "change_message": "[{\"changed\": {\"fields\": [\"Country\"]}}]"}}, {"model": "admin.logentry", "pk": 119, "fields": {"action_time": "2024-04-09T15:17:28.009Z", "user": 1, "content_type": 6, "object_id": "26", "object_repr": "ali60vip@yahoo.com", "action_flag": 2, "change_message": "[{\"changed\": {\"fields\": [\"Phone number\"]}}]"}}, {"model": "admin.logentry", "pk": 120, "fields": {"action_time": "2024-04-18T13:05:14.543Z", "user": 1, "content_type": 14, "object_id": "15", "object_repr": "2024041805565815", "action_flag": 3, "change_message": ""}}, {"model": "admin.logentry", "pk": 121, "fields": {"action_time": "2024-04-18T13:05:14.551Z", "user": 1, "content_type": 14, "object_id": "14", "object_repr": "2024041805390514", "action_flag": 3, "change_message": ""}}, {"model": "admin.logentry", "pk": 122, "fields": {"action_time": "2024-04-18T13:05:14.552Z", "user": 1, "content_type": 14, "object_id": "13", "object_repr": "2024041805381713", "action_flag": 3, "change_message": ""}}, {"model": "admin.logentry", "pk": 123, "fields": {"action_time": "2024-04-18T13:05:14.553Z", "user": 1, "content_type": 14, "object_id": "12", "object_repr": "2024041805374612", "action_flag": 3, "change_message": ""}}, {"model": "admin.logentry", "pk": 124, "fields": {"action_time": "2024-04-18T13:05:14.554Z", "user": 1, "content_type": 14, "object_id": "11", "object_repr": "2024041805342311", "action_flag": 3, "change_message": ""}}, {"model": "admin.logentry", "pk": 125, "fields": {"action_time": "2024-04-18T13:05:14.555Z", "user": 1, "content_type": 14, "object_id": "10", "object_repr": "2024041805334610", "action_flag": 3, "change_message": ""}}, {"model": "admin.logentry", "pk": 126, "fields": {"action_time": "2024-04-18T13:05:14.556Z", "user": 1, "content_type": 14, "object_id": "9", "object_repr": "202404180532169", "action_flag": 3, "change_message": ""}}, {"model": "admin.logentry", "pk": 127, "fields": {"action_time": "2024-04-18T13:05:14.558Z", "user": 1, "content_type": 14, "object_id": "8", "object_repr": "202404180531478", "action_flag": 3, "change_message": ""}}, {"model": "admin.logentry", "pk": 128, "fields": {"action_time": "2024-04-18T13:05:14.559Z", "user": 1, "content_type": 14, "object_id": "7", "object_repr": "202404180530317", "action_flag": 3, "change_message": ""}}, {"model": "admin.logentry", "pk": 129, "fields": {"action_time": "2024-04-18T13:05:14.560Z", "user": 1, "content_type": 14, "object_id": "6", "object_repr": "202404180504026", "action_flag": 3, "change_message": ""}}, {"model": "admin.logentry", "pk": 130, "fields": {"action_time": "2024-04-18T13:05:14.561Z", "user": 1, "content_type": 14, "object_id": "5", "object_repr": "202404170812485", "action_flag": 3, "change_message": ""}}, {"model": "admin.logentry", "pk": 131, "fields": {"action_time": "2024-04-18T13:05:14.562Z", "user": 1, "content_type": 14, "object_id": "4", "object_repr": "202404170708514", "action_flag": 3, "change_message": ""}}, {"model": "admin.logentry", "pk": 132, "fields": {"action_time": "2024-04-18T13:05:14.563Z", "user": 1, "content_type": 14, "object_id": "3", "object_repr": "202404170706163", "action_flag": 3, "change_message": ""}}, {"model": "admin.logentry", "pk": 133, "fields": {"action_time": "2024-04-18T13:05:14.565Z", "user": 1, "content_type": 14, "object_id": "2", "object_repr": "202404170552452", "action_flag": 3, "change_message": ""}}, {"model": "admin.logentry", "pk": 134, "fields": {"action_time": "2024-04-18T13:05:14.566Z", "user": 1, "content_type": 14, "object_id": "1", "object_repr": "123", "action_flag": 3, "change_message": ""}}, {"model": "admin.logentry", "pk": 135, "fields": {"action_time": "2024-04-21T22:41:56.144Z", "user": 1, "content_type": 14, "object_id": "35", "object_repr": "2024042006501335", "action_flag": 3, "change_message": ""}}, {"model": "admin.logentry", "pk": 136, "fields": {"action_time": "2024-04-21T22:41:56.148Z", "user": 1, "content_type": 14, "object_id": "34", "object_repr": "2024042006482934", "action_flag": 3, "change_message": ""}}, {"model": "admin.logentry", "pk": 137, "fields": {"action_time": "2024-04-21T22:41:56.149Z", "user": 1, "content_type": 14, "object_id": "33", "object_repr": "2024042006224833", "action_flag": 3, "change_message": ""}}, {"model": "admin.logentry", "pk": 138, "fields": {"action_time": "2024-04-21T22:41:56.150Z", "user": 1, "content_type": 14, "object_id": "32", "object_repr": "2024042005541832", "action_flag": 3, "change_message": ""}}, {"model": "admin.logentry", "pk": 139, "fields": {"action_time": "2024-04-21T22:41:56.151Z", "user": 1, "content_type": 14, "object_id": "31", "object_repr": "2024042005510831", "action_flag": 3, "change_message": ""}}, {"model": "admin.logentry", "pk": 140, "fields": {"action_time": "2024-04-21T22:41:56.152Z", "user": 1, "content_type": 14, "object_id": "30", "object_repr": "2024042005415130", "action_flag": 3, "change_message": ""}}, {"model": "admin.logentry", "pk": 141, "fields": {"action_time": "2024-04-21T22:41:56.153Z", "user": 1, "content_type": 14, "object_id": "29", "object_repr": "2024041908192229", "action_flag": 3, "change_message": ""}}, {"model": "admin.logentry", "pk": 142, "fields": {"action_time": "2024-04-21T22:41:56.154Z", "user": 1, "content_type": 14, "object_id": "28", "object_repr": "2024041908141428", "action_flag": 3, "change_message": ""}}, {"model": "admin.logentry", "pk": 143, "fields": {"action_time": "2024-04-21T22:41:56.155Z", "user": 1, "content_type": 14, "object_id": "27", "object_repr": "2024041908042627", "action_flag": 3, "change_message": ""}}, {"model": "admin.logentry", "pk": 144, "fields": {"action_time": "2024-04-21T22:41:56.156Z", "user": 1, "content_type": 14, "object_id": "26", "object_repr": "2024041907514626", "action_flag": 3, "change_message": ""}}, {"model": "admin.logentry", "pk": 145, "fields": {"action_time": "2024-04-21T22:41:56.156Z", "user": 1, "content_type": 14, "object_id": "25", "object_repr": "2024041906481625", "action_flag": 3, "change_message": ""}}, {"model": "admin.logentry", "pk": 146, "fields": {"action_time": "2024-04-21T22:41:56.158Z", "user": 1, "content_type": 14, "object_id": "24", "object_repr": "2024041906470624", "action_flag": 3, "change_message": ""}}, {"model": "admin.logentry", "pk": 147, "fields": {"action_time": "2024-04-21T22:41:56.158Z", "user": 1, "content_type": 14, "object_id": "23", "object_repr": "2024041906344523", "action_flag": 3, "change_message": ""}}, {"model": "admin.logentry", "pk": 148, "fields": {"action_time": "2024-04-21T22:41:56.158Z", "user": 1, "content_type": 14, "object_id": "22", "object_repr": "2024041906163922", "action_flag": 3, "change_message": ""}}, {"model": "admin.logentry", "pk": 149, "fields": {"action_time": "2024-04-21T22:41:56.159Z", "user": 1, "content_type": 14, "object_id": "21", "object_repr": "2024041806471721", "action_flag": 3, "change_message": ""}}, {"model": "admin.logentry", "pk": 150, "fields": {"action_time": "2024-04-21T22:41:56.159Z", "user": 1, "content_type": 14, "object_id": "20", "object_repr": "2024041806391120", "action_flag": 3, "change_message": ""}}, {"model": "admin.logentry", "pk": 151, "fields": {"action_time": "2024-04-21T22:41:56.160Z", "user": 1, "content_type": 14, "object_id": "19", "object_repr": "2024041806375619", "action_flag": 3, "change_message": ""}}, {"model": "admin.logentry", "pk": 152, "fields": {"action_time": "2024-04-21T22:41:56.160Z", "user": 1, "content_type": 14, "object_id": "18", "object_repr": "2024041806352918", "action_flag": 3, "change_message": ""}}, {"model": "admin.logentry", "pk": 153, "fields": {"action_time": "2024-04-21T22:41:56.161Z", "user": 1, "content_type": 14, "object_id": "17", "object_repr": "2024041806072317", "action_flag": 3, "change_message": ""}}, {"model": "admin.logentry", "pk": 154, "fields": {"action_time": "2024-04-21T22:41:56.161Z", "user": 1, "content_type": 14, "object_id": "16", "object_repr": "2024041806054016", "action_flag": 3, "change_message": ""}}, {"model": "admin.logentry", "pk": 155, "fields": {"action_time": "2024-04-21T22:42:06.251Z", "user": 1, "content_type": 15, "object_id": "19", "object_repr": "0KG57098WH8992502", "action_flag": 3, "change_message": ""}}, {"model": "admin.logentry", "pk": 156, "fields": {"action_time": "2024-04-21T22:42:06.254Z", "user": 1, "content_type": 15, "object_id": "18", "object_repr": "5SX291128C0605330", "action_flag": 3, "change_message": ""}}, {"model": "admin.logentry", "pk": 157, "fields": {"action_time": "2024-04-21T22:42:06.256Z", "user": 1, "content_type": 15, "object_id": "17", "object_repr": "7CX33402P2834541D", "action_flag": 3, "change_message": ""}}, {"model": "admin.logentry", "pk": 158, "fields": {"action_time": "2024-04-21T22:42:06.256Z", "user": 1, "content_type": 15, "object_id": "16", "object_repr": "4NX74770EN0366010", "action_flag": 3, "change_message": ""}}, {"model": "admin.logentry", "pk": 159, "fields": {"action_time": "2024-04-21T22:42:06.257Z", "user": 1, "content_type": 15, "object_id": "15", "object_repr": "0TJ37825UB623312B", "action_flag": 3, "change_message": ""}}, {"model": "admin.logentry", "pk": 160, "fields": {"action_time": "2024-04-21T22:42:06.258Z", "user": 1, "content_type": 15, "object_id": "14", "object_repr": "9503224674506884L", "action_flag": 3, "change_message": ""}}, {"model": "admin.logentry", "pk": 161, "fields": {"action_time": "2024-04-21T22:42:06.259Z", "user": 1, "content_type": 15, "object_id": "13", "object_repr": "84B90813LS667830W", "action_flag": 3, "change_message": ""}}, {"model": "admin.logentry", "pk": 162, "fields": {"action_time": "2024-04-21T22:42:06.259Z", "user": 1, "content_type": 15, "object_id": "12", "object_repr": "8MA79733JP950835D", "action_flag": 3, "change_message": ""}}, {"model": "admin.logentry", "pk": 163, "fields": {"action_time": "2024-04-21T22:42:06.260Z", "user": 1, "content_type": 15, "object_id": "11", "object_repr": "23B457085K691192H", "action_flag": 3, "change_message": ""}}, {"model": "admin.logentry", "pk": 164, "fields": {"action_time": "2024-04-21T22:42:06.262Z", "user": 1, "content_type": 15, "object_id": "10", "object_repr": "0BJ47396KC430602S", "action_flag": 3, "change_message": ""}}, {"model": "admin.logentry", "pk": 165, "fields": {"action_time": "2024-04-21T22:42:06.262Z", "user": 1, "content_type": 15, "object_id": "9", "object_repr": "2EC1128091706014C", "action_flag": 3, "change_message": ""}}, {"model": "admin.logentry", "pk": 166, "fields": {"action_time": "2024-04-21T22:42:06.263Z", "user": 1, "content_type": 15, "object_id": "8", "object_repr": "55033175G1503733L", "action_flag": 3, "change_message": ""}}, {"model": "admin.logentry", "pk": 167, "fields": {"action_time": "2024-04-21T22:42:06.264Z", "user": 1, "content_type": 15, "object_id": "7", "object_repr": "4L690232CW574323R", "action_flag": 3, "change_message": ""}}, {"model": "admin.logentry", "pk": 168, "fields": {"action_time": "2024-04-21T22:42:06.265Z", "user": 1, "content_type": 15, "object_id": "6", "object_repr": "76212106RT672783H", "action_flag": 3, "change_message": ""}}, {"model": "admin.logentry", "pk": 169, "fields": {"action_time": "2024-04-21T22:42:06.265Z", "user": 1, "content_type": 15, "object_id": "5", "object_repr": "8ET16069F1576245U", "action_flag": 3, "change_message": ""}}, {"model": "admin.logentry", "pk": 170, "fields": {"action_time": "2024-04-21T22:42:06.266Z", "user": 1, "content_type": 15, "object_id": "4", "object_repr": "0CU233392Y395950F", "action_flag": 3, "change_message": ""}}, {"model": "admin.logentry", "pk": 171, "fields": {"action_time": "2024-04-21T22:42:06.267Z", "user": 1, "content_type": 15, "object_id": "3", "object_repr": "74144897S4023462S", "action_flag": 3, "change_message": ""}}, {"model": "admin.logentry", "pk": 172, "fields": {"action_time": "2024-04-21T22:42:06.267Z", "user": 1, "content_type": 15, "object_id": "2", "object_repr": "23S60855WS788661W", "action_flag": 3, "change_message": ""}}, {"model": "admin.logentry", "pk": 173, "fields": {"action_time": "2024-04-21T22:42:06.268Z", "user": 1, "content_type": 15, "object_id": "1", "object_repr": "83173255LN3150727", "action_flag": 3, "change_message": ""}}, {"model": "admin.logentry", "pk": 174, "fields": {"action_time": "2024-04-21T22:45:28.353Z", "user": 1, "content_type": 14, "object_id": "37", "object_repr": "3243545645443", "action_flag": 1, "change_message": "[{\"added\": {}}]"}}, {"model": "admin.logentry", "pk": 175, "fields": {"action_time": "2024-04-21T22:47:22.233Z", "user": 1, "content_type": 14, "object_id": "38", "object_repr": "4321432", "action_flag": 1, "change_message": "[{\"added\": {}}]"}}, {"model": "admin.logentry", "pk": 176, "fields": {"action_time": "2024-04-21T22:48:16.025Z", "user": 1, "content_type": 14, "object_id": "39", "object_repr": "43424234324", "action_flag": 1, "change_message": "[{\"added\": {}}]"}}, {"model": "admin.logentry", "pk": 177, "fields": {"action_time": "2024-04-21T22:48:30.392Z", "user": 1, "content_type": 14, "object_id": "38", "object_repr": "4321432", "action_flag": 2, "change_message": "[{\"changed\": {\"fields\": [\"Status\"]}}]"}}, {"model": "admin.logentry", "pk": 178, "fields": {"action_time": "2024-04-21T22:48:36.529Z", "user": 1, "content_type": 14, "object_id": "37", "object_repr": "3243545645443", "action_flag": 2, "change_message": "[{\"changed\": {\"fields\": [\"Status\"]}}]"}}, {"model": "admin.logentry", "pk": 179, "fields": {"action_time": "2024-04-22T02:53:10.231Z", "user": 1, "content_type": 14, "object_id": "42", "object_repr": "2024042119034842", "action_flag": 2, "change_message": "[{\"changed\": {\"fields\": [\"Is ordered\"]}}]"}}, {"model": "admin.logentry", "pk": 180, "fields": {"action_time": "2024-04-22T02:54:43.155Z", "user": 1, "content_type": 16, "object_id": "64", "object_repr": "Pizza Pepperoni", "action_flag": 2, "change_message": "[{\"changed\": {\"fields\": [\"Order\"]}}]"}}, {"model": "admin.logentry", "pk": 181, "fields": {"action_time": "2024-04-22T12:05:42.305Z", "user": 1, "content_type": 14, "object_id": "44", "object_repr": "2024042122220644", "action_flag": 3, "change_message": ""}}, {"model": "admin.logentry", "pk": 182, "fields": {"action_time": "2024-04-22T12:05:42.309Z", "user": 1, "content_type": 14, "object_id": "43", "object_repr": "2024042119582043", "action_flag": 3, "change_message": ""}}, {"model": "admin.logentry", "pk": 183, "fields": {"action_time": "2024-04-22T12:05:42.310Z", "user": 1, "content_type": 14, "object_id": "42", "object_repr": "2024042119034842", "action_flag": 3, "change_message": ""}}, {"model": "admin.logentry", "pk": 184, "fields": {"action_time": "2024-04-22T12:05:42.312Z", "user": 1, "content_type": 14, "object_id": "41", "object_repr": "", "action_flag": 3, "change_message": ""}}, {"model": "admin.logentry", "pk": 185, "fields": {"action_time": "2024-04-22T12:05:42.313Z", "user": 1, "content_type": 14, "object_id": "40", "object_repr": "2024042118480340", "action_flag": 3, "change_message": ""}}, {"model": "admin.logentry", "pk": 186, "fields": {"action_time": "2024-04-22T12:05:42.313Z", "user": 1, "content_type": 14, "object_id": "39", "object_repr": "43424234324", "action_flag": 3, "change_message": ""}}, {"model": "admin.logentry", "pk": 187, "fields": {"action_time": "2024-04-22T12:05:42.314Z", "user": 1, "content_type": 14, "object_id": "38", "object_repr": "4321432", "action_flag": 3, "change_message": ""}}, {"model": "admin.logentry", "pk": 188, "fields": {"action_time": "2024-04-22T12:05:42.315Z", "user": 1, "content_type": 14, "object_id": "37", "object_repr": "3243545645443", "action_flag": 3, "change_message": ""}}, {"model": "auth.permission", "pk": 1, "fields": {"name": "Can add log entry", "content_type": 1, "codename": "add_logentry"}}, {"model": "auth.permission", "pk": 2, "fields": {"name": "Can change log entry", "content_type": 1, "codename": "change_logentry"}}, {"model": "auth.permission", "pk": 3, "fields": {"name": "Can delete log entry", "content_type": 1, "codename": "delete_logentry"}}, {"model": "auth.permission", "pk": 4, "fields": {"name": "Can view log entry", "content_type": 1, "codename": "view_logentry"}}, {"model": "auth.permission", "pk": 5, "fields": {"name": "Can add permission", "content_type": 2, "codename": "add_permission"}}, {"model": "auth.permission", "pk": 6, "fields": {"name": "Can change permission", "content_type": 2, "codename": "change_permission"}}, {"model": "auth.permission", "pk": 7, "fields": {"name": "Can delete permission", "content_type": 2, "codename": "delete_permission"}}, {"model": "auth.permission", "pk": 8, "fields": {"name": "Can view permission", "content_type": 2, "codename": "view_permission"}}, {"model": "auth.permission", "pk": 9, "fields": {"name": "Can add group", "content_type": 3, "codename": "add_group"}}, {"model": "auth.permission", "pk": 10, "fields": {"name": "Can change group", "content_type": 3, "codename": "change_group"}}, {"model": "auth.permission", "pk": 11, "fields": {"name": "Can delete group", "content_type": 3, "codename": "delete_group"}}, {"model": "auth.permission", "pk": 12, "fields": {"name": "Can view group", "content_type": 3, "codename": "view_group"}}, {"model": "auth.permission", "pk": 13, "fields": {"name": "Can add content type", "content_type": 4, "codename": "add_contenttype"}}, {"model": "auth.permission", "pk": 14, "fields": {"name": "Can change content type", "content_type": 4, "codename": "change_contenttype"}}, {"model": "auth.permission", "pk": 15, "fields": {"name": "Can delete content type", "content_type": 4, "codename": "delete_contenttype"}}, {"model": "auth.permission", "pk": 16, "fields": {"name": "Can view content type", "content_type": 4, "codename": "view_contenttype"}}, {"model": "auth.permission", "pk": 17, "fields": {"name": "Can add session", "content_type": 5, "codename": "add_session"}}, {"model": "auth.permission", "pk": 18, "fields": {"name": "Can change session", "content_type": 5, "codename": "change_session"}}, {"model": "auth.permission", "pk": 19, "fields": {"name": "Can delete session", "content_type": 5, "codename": "delete_session"}}, {"model": "auth.permission", "pk": 20, "fields": {"name": "Can view session", "content_type": 5, "codename": "view_session"}}, {"model": "auth.permission", "pk": 21, "fields": {"name": "Can add user", "content_type": 6, "codename": "add_user"}}, {"model": "auth.permission", "pk": 22, "fields": {"name": "Can change user", "content_type": 6, "codename": "change_user"}}, {"model": "auth.permission", "pk": 23, "fields": {"name": "Can delete user", "content_type": 6, "codename": "delete_user"}}, {"model": "auth.permission", "pk": 24, "fields": {"name": "Can view user", "content_type": 6, "codename": "view_user"}}, {"model": "auth.permission", "pk": 25, "fields": {"name": "Can add user profile", "content_type": 7, "codename": "add_userprofile"}}, {"model": "auth.permission", "pk": 26, "fields": {"name": "Can change user profile", "content_type": 7, "codename": "change_userprofile"}}, {"model": "auth.permission", "pk": 27, "fields": {"name": "Can delete user profile", "content_type": 7, "codename": "delete_userprofile"}}, {"model": "auth.permission", "pk": 28, "fields": {"name": "Can view user profile", "content_type": 7, "codename": "view_userprofile"}}, {"model": "auth.permission", "pk": 29, "fields": {"name": "Can add vendor", "content_type": 8, "codename": "add_vendor"}}, {"model": "auth.permission", "pk": 30, "fields": {"name": "Can change vendor", "content_type": 8, "codename": "change_vendor"}}, {"model": "auth.permission", "pk": 31, "fields": {"name": "Can delete vendor", "content_type": 8, "codename": "delete_vendor"}}, {"model": "auth.permission", "pk": 32, "fields": {"name": "Can view vendor", "content_type": 8, "codename": "view_vendor"}}, {"model": "auth.permission", "pk": 33, "fields": {"name": "Can add food item", "content_type": 9, "codename": "add_fooditem"}}, {"model": "auth.permission", "pk": 34, "fields": {"name": "Can change food item", "content_type": 9, "codename": "change_fooditem"}}, {"model": "auth.permission", "pk": 35, "fields": {"name": "Can delete food item", "content_type": 9, "codename": "delete_fooditem"}}, {"model": "auth.permission", "pk": 36, "fields": {"name": "Can view food item", "content_type": 9, "codename": "view_fooditem"}}, {"model": "auth.permission", "pk": 37, "fields": {"name": "Can add category", "content_type": 10, "codename": "add_category"}}, {"model": "auth.permission", "pk": 38, "fields": {"name": "Can change category", "content_type": 10, "codename": "change_category"}}, {"model": "auth.permission", "pk": 39, "fields": {"name": "Can delete category", "content_type": 10, "codename": "delete_category"}}, {"model": "auth.permission", "pk": 40, "fields": {"name": "Can view category", "content_type": 10, "codename": "view_category"}}, {"model": "auth.permission", "pk": 41, "fields": {"name": "Can add cart", "content_type": 11, "codename": "add_cart"}}, {"model": "auth.permission", "pk": 42, "fields": {"name": "Can change cart", "content_type": 11, "codename": "change_cart"}}, {"model": "auth.permission", "pk": 43, "fields": {"name": "Can delete cart", "content_type": 11, "codename": "delete_cart"}}, {"model": "auth.permission", "pk": 44, "fields": {"name": "Can view cart", "content_type": 11, "codename": "view_cart"}}, {"model": "auth.permission", "pk": 45, "fields": {"name": "Can add opening hour", "content_type": 12, "codename": "add_openinghour"}}, {"model": "auth.permission", "pk": 46, "fields": {"name": "Can change opening hour", "content_type": 12, "codename": "change_openinghour"}}, {"model": "auth.permission", "pk": 47, "fields": {"name": "Can delete opening hour", "content_type": 12, "codename": "delete_openinghour"}}, {"model": "auth.permission", "pk": 48, "fields": {"name": "Can view opening hour", "content_type": 12, "codename": "view_openinghour"}}, {"model": "auth.permission", "pk": 49, "fields": {"name": "Can add tax", "content_type": 13, "codename": "add_tax"}}, {"model": "auth.permission", "pk": 50, "fields": {"name": "Can change tax", "content_type": 13, "codename": "change_tax"}}, {"model": "auth.permission", "pk": 51, "fields": {"name": "Can delete tax", "content_type": 13, "codename": "delete_tax"}}, {"model": "auth.permission", "pk": 52, "fields": {"name": "Can view tax", "content_type": 13, "codename": "view_tax"}}, {"model": "auth.permission", "pk": 53, "fields": {"name": "Can add order", "content_type": 14, "codename": "add_order"}}, {"model": "auth.permission", "pk": 54, "fields": {"name": "Can change order", "content_type": 14, "codename": "change_order"}}, {"model": "auth.permission", "pk": 55, "fields": {"name": "Can delete order", "content_type": 14, "codename": "delete_order"}}, {"model": "auth.permission", "pk": 56, "fields": {"name": "Can view order", "content_type": 14, "codename": "view_order"}}, {"model": "auth.permission", "pk": 57, "fields": {"name": "Can add payment", "content_type": 15, "codename": "add_payment"}}, {"model": "auth.permission", "pk": 58, "fields": {"name": "Can change payment", "content_type": 15, "codename": "change_payment"}}, {"model": "auth.permission", "pk": 59, "fields": {"name": "Can delete payment", "content_type": 15, "codename": "delete_payment"}}, {"model": "auth.permission", "pk": 60, "fields": {"name": "Can view payment", "content_type": 15, "codename": "view_payment"}}, {"model": "auth.permission", "pk": 61, "fields": {"name": "Can add ordered food", "content_type": 16, "codename": "add_orderedfood"}}, {"model": "auth.permission", "pk": 62, "fields": {"name": "Can change ordered food", "content_type": 16, "codename": "change_orderedfood"}}, {"model": "auth.permission", "pk": 63, "fields": {"name": "Can delete ordered food", "content_type": 16, "codename": "delete_orderedfood"}}, {"model": "auth.permission", "pk": 64, "fields": {"name": "Can view ordered food", "content_type": 16, "codename": "view_orderedfood"}}, {"model": "contenttypes.contenttype", "pk": 1, "fields": {"app_label": "admin", "model": "logentry"}}, {"model": "contenttypes.contenttype", "pk": 2, "fields": {"app_label": "auth", "model": "permission"}}, {"model": "contenttypes.contenttype", "pk": 3, "fields": {"app_label": "auth", "model": "group"}}, {"model": "contenttypes.contenttype", "pk": 4, "fields": {"app_label": "contenttypes", "model": "contenttype"}}, {"model": "contenttypes.contenttype", "pk": 5, "fields": {"app_label": "sessions", "model": "session"}}, {"model": "contenttypes.contenttype", "pk": 6, "fields": {"app_label": "accounts", "model": "user"}}, {"model": "contenttypes.contenttype", "pk": 7, "fields": {"app_label": "accounts", "model": "userprofile"}}, {"model": "contenttypes.contenttype", "pk": 8, "fields": {"app_label": "vendor", "model": "vendor"}}, {"model": "contenttypes.contenttype", "pk": 9, "fields": {"app_label": "menu", "model": "fooditem"}}, {"model": "contenttypes.contenttype", "pk": 10, "fields": {"app_label": "menu", "model": "category"}}, {"model": "contenttypes.contenttype", "pk": 11, "fields": {"app_label": "marketplace", "model": "cart"}}, {"model": "contenttypes.contenttype", "pk": 12, "fields": {"app_label": "vendor", "model": "openinghour"}}, {"model": "contenttypes.contenttype", "pk": 13, "fields": {"app_label": "marketplace", "model": "tax"}}, {"model": "contenttypes.contenttype", "pk": 14, "fields": {"app_label": "orders", "model": "order"}}, {"model": "contenttypes.contenttype", "pk": 15, "fields": {"app_label": "orders", "model": "payment"}}, {"model": "contenttypes.contenttype", "pk": 16, "fields": {"app_label": "orders", "model": "orderedfood"}}, {"model": "sessions.session", "pk": "0512ydk6xrtwqxbwo3swh83up7npwgxa", "fields": {"session_data": ".eJxVjEEOwiAQRe_C2hCwDAWX7j0DmRlAqgaS0q6Md7dNutDtf--_twi4LiWsPc1hiuIitDj9boT8THUH8YH13iS3uswTyV2RB-3y1mJ6XQ_3L1Cwl-2dR6etO0PW3iBrQofIkZGUMgBKQR5GO7DdiolRR0MEjgfPkMGTdeLzBfLiOIQ:1rOiVp:aealhHwM3u5Mts_Aw2ZtjieJhccNlYI49N2FUcHSlrE", "expire_date": "2024-01-27T18:13:41.732Z"}}, {"model": "sessions.session", "pk": "0xn46fktm28o0g6xe8yjwvqsy7vqmp1s", "fields": {"session_data": ".eJxVjEEOwiAQRe_C2hAsZSgu3fcMzTDDSNVAUtqV8e7apAvd_vfef6kJtzVPW0vLNLO6qLM6_W4R6ZHKDviO5VY11bIuc9S7og_a9Fg5Pa-H-3eQseVvbdJAjCAsEK2zJMCOOo9GPAMyWyfBE6CPXfB9sOAiBMtiBrJeQq_eHxGQOIQ:1rt68s:84wJc1XtrqqKrTM1BlYy8pkHkv-5fA8mRpMhFerqVb4", "expire_date": "2024-04-20T13:31:34.470Z"}}, {"model": "sessions.session", "pk": "1karrpniz42hzbzvxox19xajidkn6yzy", "fields": {"session_data": ".eJxVjEEOwiAQRe_C2hCwDAWX7j0DmRlAqgaS0q6Md7dNutDtf--_twi4LiWsPc1hiuIitDj9boT8THUH8YH13iS3uswTyV2RB-3y1mJ6XQ_3L1Cwl-2dR6etO0PW3iBrQofIkZGUMgBKQR5GO7DdiolRR0MEjgfPkMGTdeLzBfLiOIQ:1rRvI3:XRTpsTDufkT_HSo48jPiNvzgx_GUyYFjl2T-pRiWoj4", "expire_date": "2024-02-05T14:28:43.259Z"}}, {"model": "sessions.session", "pk": "2lmmrausqvsy0d7rj5soda5gq444psxe", "fields": {"session_data": ".eJxVjEEOwiAQRe_C2hAsZSgu3fcMzTDDSNVAUtqV8e7apAvd_vfef6kJtzVPW0vLNLO6qLM6_W4R6ZHKDviO5VY11bIuc9S7og_a9Fg5Pa-H-3eQseVvbdJAjCAsEK2zJMCOOo9GPAMyWyfBE6CPXfB9sOAiBMtiBrJeQq_eHxGQOIQ:1rpTBh:aAvGMsk1btBR44lmlvHGYYm9SJ1VvxJh8KnMMFqTZhg", "expire_date": "2024-04-10T13:19:29.396Z"}}, {"model": "sessions.session", "pk": "2nho72vxzzk2uubcfo47cj27cu0dqfyy", "fields": {"session_data": ".eJxVjEEOwiAQRe_C2hAsZSgu3fcMzTDDSNVAUtqV8e7apAvd_vfef6kJtzVPW0vLNLO6qLM6_W4R6ZHKDviO5VY11bIuc9S7og_a9Fg5Pa-H-3eQseVvbdJAjCAsEK2zJMCOOo9GPAMyWyfBE6CPXfB9sOAiBMtiBrJeQq_eHxGQOIQ:1rtS5Z:UNBx6NHJ2TwheP7BwTA7LxVVxyWdBktIr6OvCrLOcN0", "expire_date": "2024-04-21T12:57:37.397Z"}}, {"model": "sessions.session", "pk": "6ffl19re3nmaxbexlb8p18a0u23vub3d", "fields": {"session_data": ".eJxVjEEOwiAQRe_C2hAsZSgu3fcMzTDDSNVAUtqV8e7apAvd_vfef6kJtzVPW0vLNLO6qLM6_W4R6ZHKDviO5VY11bIuc9S7og_a9Fg5Pa-H-3eQseVvbdJAjCAsEK2zJMCOOo9GPAMyWyfBE6CPXfB9sOAiBMtiBrJeQq_eHxGQOIQ:1ruYHA:E4gnJQysAAvJBuGQuqzqo8ocUimK4rhoVQph-F7wnto", "expire_date": "2024-04-24T13:46:08.425Z"}}, {"model": "sessions.session", "pk": "6ofre7nvdtgpsgrk4z6t1evy27b48xio", "fields": {"session_data": ".eJxVjEEOwiAQRe_C2hAsZSgu3fcMzTDDSNVAUtqV8e7apAvd_vfef6kJtzVPW0vLNLO6qLM6_W4R6ZHKDviO5VY11bIuc9S7og_a9Fg5Pa-H-3eQseVvbdJAjCAsEK2zJMCOOo9GPAMyWyfBE6CPXfB9sOAiBMtiBrJeQq_eHxGQOIQ:1rk3le:TJVy-ExxPPtpxc5MGY1_Cb_x-0YfjX5dnzlDDLXERFI", "expire_date": "2024-03-26T15:10:14.083Z"}}, {"model": "sessions.session", "pk": "80tg62f29o9ywlgmc6rnnwgm8as60l5p", "fields": {"session_data": ".eJxVjEEOwiAQRe_C2hAsZSgu3fcMzTDDSNVAUtqV8e7apAvd_vfef6kJtzVPW0vLNLO6qLM6_W4R6ZHKDviO5VY11bIuc9S7og_a9Fg5Pa-H-3eQseVvbdJAjCAsEK2zJMCOOo9GPAMyWyfBE6CPXfB9sOAiBMtiBrJeQq_eHxGQOIQ:1rWylR:obSoeE_w3vZfgqRKmt7lz7SgEgB5n2LdvKKqx20m5do", "expire_date": "2024-02-19T13:11:57.123Z"}}, {"model": "sessions.session", "pk": "9g2mt73kh691r2hv42dyetxfrmq07qfg", "fields": {"session_data": ".eJxVjMsOwiAQRf-FtSFQHiMu3fcbCMwMUjU0Ke3K-O_apAvd3nPOfYmYtrXGrfMSJxIXoQdx-h1zwge3ndA9tdsscW7rMmW5K_KgXY4z8fN6uH8HNfX6rb1FNgpMtsXywCqAKspQUC45bwERKIALnBmy9Y7AFDgnF4wpDKi1eH8A-RU3vg:1rZshE:lwQiYIRfW1f2pq4GS1NaYYuzoT2vOPn6V2t7zm15Lic", "expire_date": "2024-02-27T13:19:36.391Z"}}, {"model": "sessions.session", "pk": "ad1fcnrehw8tmz0rzu5r8j3uskq69667", "fields": {"session_data": ".eJxVjEEOwiAQRe_C2hCwDAWX7j0DmRlAqgaS0q6Md7dNutDtf--_twi4LiWsPc1hiuIitDj9boT8THUH8YH13iS3uswTyV2RB-3y1mJ6XQ_3L1Cwl-2dR6etO0PW3iBrQofIkZGUMgBKQR5GO7DdiolRR0MEjgfPkMGTdeLzBfLiOIQ:1rUE62:7l9Q794dTrOH-UTQNaBiZaZNps7P4fG-aZUfC7Svt1A", "expire_date": "2024-02-11T22:57:50.081Z"}}, {"model": "sessions.session", "pk": "cbdd7t1xfzth3uakoysviaxpji0ki5lk", "fields": {"session_data": ".eJxVjEEOwiAQRe_C2hAsZSgu3fcMzTDDSNVAUtqV8e7apAvd_vfef6kJtzVPW0vLNLO6qLM6_W4R6ZHKDviO5VY11bIuc9S7og_a9Fg5Pa-H-3eQseVvbdJAjCAsEK2zJMCOOo9GPAMyWyfBE6CPXfB9sOAiBMtiBrJeQq_eHxGQOIQ:1rl78n:cqIFsdY4gZ_1HpcTbVw0hu5KSX9KQl2x1cGx-x4Hsm8", "expire_date": "2024-03-29T12:58:29.038Z"}}, {"model": "sessions.session", "pk": "cchclro0bcl5rd0ck65lkzs4krs49tp7", "fields": {"session_data": ".eJxVjEEOwiAQRe_C2hAsZSgu3fcMzTDDSNVAUtqV8e7apAvd_vfef6kJtzVPW0vLNLO6qLM6_W4R6ZHKDviO5VY11bIuc9S7og_a9Fg5Pa-H-3eQseVvbdJAjCAsEK2zJMCOOo9GPAMyWyfBE6CPXfB9sOAiBMtiBrJeQq_eHxGQOIQ:1rXKzn:NVRkl41eJx1pXXxRGMuwUGFejHcBzpKouFGo2akaOmk", "expire_date": "2024-02-20T12:56:15.753Z"}}, {"model": "sessions.session", "pk": "cye7ed8kk3xmsiqkuf3ulnq1cwt1rkg7", "fields": {"session_data": ".eJxVjEEOwiAQRe_C2hAsZSgu3fcMzTDDSNVAUtqV8e7apAvd_vfef6kJtzVPW0vLNLO6qLM6_W4R6ZHKDviO5VY11bIuc9S7og_a9Fg5Pa-H-3eQseVvbdJAjCAsEK2zJMCOOo9GPAMyWyfBE6CPXfB9sOAiBMtiBrJeQq_eHxGQOIQ:1ryIUL:48ZqQ8PcMGDx4CFdRgTmeUFGfK3Cixcsuz3UxpBsPv0", "expire_date": "2024-05-04T21:43:13.808Z"}}, {"model": "sessions.session", "pk": "diwjtkaw0wo3z5jilaxpo5tivsi2gqe4", "fields": {"session_data": ".eJxVjEEOwiAQRe_C2hAsZSgu3fcMzTDDSNVAUtqV8e7apAvd_vfef6kJtzVPW0vLNLO6qLM6_W4R6ZHKDviO5VY11bIuc9S7og_a9Fg5Pa-H-3eQseVvbdJAjCAsEK2zJMCOOo9GPAMyWyfBE6CPXfB9sOAiBMtiBrJeQq_eHxGQOIQ:1rx4lj:Z_CpvV8wzAyeD01_VGjTprCt6RzgLo5sBAu1rxfs2_Y", "expire_date": "2024-05-01T12:52:07.795Z"}}, {"model": "sessions.session", "pk": "e91bj0jkj7rn5wjdo1k2sk7axe9nn26y", "fields": {"session_data": ".eJxVjEEOwiAQRe_C2hAsZSgu3fcMzTDDSNVAUtqV8e7apAvd_vfef6kJtzVPW0vLNLO6qLM6_W4R6ZHKDviO5VY11bIuc9S7og_a9Fg5Pa-H-3eQseVvbdJAjCAsEK2zJMCOOo9GPAMyWyfBE6CPXfB9sOAiBMtiBrJeQq_eHxGQOIQ:1ruAIj:2VTTeYJYMlLA-9-B1S2RD7UxjOXsz0Ff3jXhYphH2CA", "expire_date": "2024-04-23T12:10:09.059Z"}}, {"model": "sessions.session", "pk": "ekkc47hgsfllyhhhfdzs0f2yilftas37", "fields": {"session_data": ".eJxVjEEOwiAQRe_C2hAsZSgu3fcMzTDDSNVAUtqV8e7apAvd_vfef6kJtzVPW0vLNLO6qLM6_W4R6ZHKDviO5VY11bIuc9S7og_a9Fg5Pa-H-3eQseVvbdJAjCAsEK2zJMCOOo9GPAMyWyfBE6CPXfB9sOAiBMtiBrJeQq_eHxGQOIQ:1rkOlg:xYmfD0OvwxXxhpIhND9PD5yZqF8eIEUrToy9giuE_m8", "expire_date": "2024-03-27T13:35:40.613Z"}}, {"model": "sessions.session", "pk": "f0yigqca1s4zp7zb4nhhl3d2u0dndayl", "fields": {"session_data": ".eJxVjEEOwiAQRe_C2hAsZSgu3fcMzTDDSNVAUtqV8e7apAvd_vfef6kJtzVPW0vLNLO6qLM6_W4R6ZHKDviO5VY11bIuc9S7og_a9Fg5Pa-H-3eQseVvbdJAjCAsEK2zJMCOOo9GPAMyWyfBE6CPXfB9sOAiBMtiBrJeQq_eHxGQOIQ:1rZVvp:BaAGicuD0gPNfdg73Ts4EBJL1snTF8msrUO46eLpwy8", "expire_date": "2024-02-26T13:01:09.615Z"}}, {"model": "sessions.session", "pk": "f2r9va8bu146ub0yood1hffo4o1jreyn", "fields": {"session_data": ".eJxVjMsOwiAQRf-FtSFQHiMu3fcbCMwMUjU0Ke3K-O_apAvd3nPOfYmYtrXGrfMSJxIXoQdx-h1zwge3ndA9tdsscW7rMmW5K_KgXY4z8fN6uH8HNfX6rb1FNgpMtsXywCqAKspQUC45bwERKIALnBmy9Y7AFDgnF4wpDKi1eH8A-RU3vg:1rXM4e:D0Q-V33GPMFZLyvvbY8bp4IcT2fBN7Ysmso6SsvZc-c", "expire_date": "2024-02-20T14:05:20.685Z"}}, {"model": "sessions.session", "pk": "fcxg1ibu39torse38nuqctua7a76k7jv", "fields": {"session_data": ".eJxVjEEOwiAQRe_C2hAsZSgu3fcMzTDDSNVAUtqV8e7apAvd_vfef6kJtzVPW0vLNLO6qLM6_W4R6ZHKDviO5VY11bIuc9S7og_a9Fg5Pa-H-3eQseVvbdJAjCAsEK2zJMCOOo9GPAMyWyfBE6CPXfB9sOAiBMtiBrJeQq_eHxGQOIQ:1rZs9j:IvRMYT1uhKWczQFUwBCXKE_73EsJ7zxMskzxmdVE3T8", "expire_date": "2024-02-27T12:44:59.237Z"}}, {"model": "sessions.session", "pk": "g5mu9g7g55ijru4e46owo7fr7o334x1n", "fields": {"session_data": ".eJxVjEEOwiAQRe_C2hAsZSgu3fcMzTDDSNVAUtqV8e7apAvd_vfef6kJtzVPW0vLNLO6qLM6_W4R6ZHKDviO5VY11bIuc9S7og_a9Fg5Pa-H-3eQseVvbdJAjCAsEK2zJMCOOo9GPAMyWyfBE6CPXfB9sOAiBMtiBrJeQq_eHxGQOIQ:1rmvi7:GY1hCUNJcFsHBBLEzTCPlFwoEe655gU3vgslgv3PYRw", "expire_date": "2024-04-03T13:10:27.147Z"}}, {"model": "sessions.session", "pk": "gwlckbokybnss6zy73xyjgvu6eso9n3o", "fields": {"session_data": ".eJxVjEEOwiAQRe_C2hCwDAWX7j0DmRlAqgaS0q6Md7dNutDtf--_twi4LiWsPc1hiuIitDj9boT8THUH8YH13iS3uswTyV2RB-3y1mJ6XQ_3L1Cwl-2dR6etO0PW3iBrQofIkZGUMgBKQR5GO7DdiolRR0MEjgfPkMGTdeLzBfLiOIQ:1rGfll:ujsTQz9OZTHbSlwicccryfjHS8UMARyB9Xt4s-sRWRs", "expire_date": "2024-01-05T13:40:53.911Z"}}, {"model": "sessions.session", "pk": "iv32ho64yg0t14p7c3b359ml4zzekfn0", "fields": {"session_data": "eyJ1aWQiOiIxIn0:1rVBZL:7lR9jdJhHdJEBUjUv8TepfHgTw6a7URP8HoyOg1Hsq8", "expire_date": "2024-02-14T14:28:03.602Z"}}, {"model": "sessions.session", "pk": "j9udsklu4g6j6a92y6j96xn9ryq8buds", "fields": {"session_data": ".eJxVjEEOwiAQRe_C2hAsZSgu3fcMzTDDSNVAUtqV8e7apAvd_vfef6kJtzVPW0vLNLO6qLM6_W4R6ZHKDviO5VY11bIuc9S7og_a9Fg5Pa-H-3eQseVvbdJAjCAsEK2zJMCOOo9GPAMyWyfBE6CPXfB9sOAiBMtiBrJeQq_eHxGQOIQ:1rsN8Y:gcYuNRRYaEcHlMiQBmxl2tRUsjcspTS3mbzkMstNSf4", "expire_date": "2024-04-18T13:28:14.052Z"}}, {"model": "sessions.session", "pk": "jg9o6a0puuna8jct7sabsmlaidoldpdv", "fields": {"session_data": ".eJxVjEEOwiAQRe_C2hAsZSgu3fcMzTDDSNVAUtqV8e7apAvd_vfef6kJtzVPW0vLNLO6qLM6_W4R6ZHKDviO5VY11bIuc9S7og_a9Fg5Pa-H-3eQseVvbdJAjCAsEK2zJMCOOo9GPAMyWyfBE6CPXfB9sOAiBMtiBrJeQq_eHxGQOIQ:1rh9xF:DHDaXT2Z37FIml8tK8dVQNWcmovnI5R4dVJ7O5Zfl-U", "expire_date": "2024-03-18T15:10:13.415Z"}}, {"model": "sessions.session", "pk": "jrnwrj94hedubnz95mq36981618esgy9", "fields": {"session_data": ".eJxVjEEOwiAQRe_C2hAsZSgu3fcMzTDDSNVAUtqV8e7apAvd_vfef6kJtzVPW0vLNLO6qLM6_W4R6ZHKDviO5VY11bIuc9S7og_a9Fg5Pa-H-3eQseVvbdJAjCAsEK2zJMCOOo9GPAMyWyfBE6CPXfB9sOAiBMtiBrJeQq_eHxGQOIQ:1rtpD6:epZbTAfaWTZ9XAWqq5C0nE77ZD9YPxv9krTgawjMsOs", "expire_date": "2024-04-22T13:38:56.868Z"}}, {"model": "sessions.session", "pk": "lubnak7ygfwy0b8b1pnc8x5eoem3aj62", "fields": {"session_data": ".eJxVjEEOwiAQRe_C2hAsZSgu3fcMzTDDSNVAUtqV8e7apAvd_vfef6kJtzVPW0vLNLO6qLM6_W4R6ZHKDviO5VY11bIuc9S7og_a9Fg5Pa-H-3eQseVvbdJAjCAsEK2zJMCOOo9GPAMyWyfBE6CPXfB9sOAiBMtiBrJeQq_eHxGQOIQ:1rkjPl:wdOmyK-_WWKPlpmoiJnKWOiENuui2QMie53TwTgEBPw", "expire_date": "2024-03-28T11:38:25.402Z"}}, {"model": "sessions.session", "pk": "m9xv73bvwjm3gjs0dj2nw0d17v4m5xmw", "fields": {"session_data": ".eJxVjEEOwiAQRe_C2hCwDAWX7j0DmRlAqgaS0q6Md7dNutDtf--_twi4LiWsPc1hiuIitDj9boT8THUH8YH13iS3uswTyV2RB-3y1mJ6XQ_3L1Cwl-2dR6etO0PW3iBrQofIkZGUMgBKQR5GO7DdiolRR0MEjgfPkMGTdeLzBfLiOIQ:1rGJef:u9jDMZ8EEF7lkuKC2fN_CEBIwm6M0wFBMe9cOJMkqMI", "expire_date": "2024-01-04T14:04:05.773Z"}}, {"model": "sessions.session", "pk": "qjwm54tl0fo82ftsv8cinfmf4558we9l", "fields": {"session_data": ".eJxVjEEOwiAQRe_C2hAsZSgu3fcMzTDDSNVAUtqV8e7apAvd_vfef6kJtzVPW0vLNLO6qLM6_W4R6ZHKDviO5VY11bIuc9S7og_a9Fg5Pa-H-3eQseVvbdJAjCAsEK2zJMCOOo9GPAMyWyfBE6CPXfB9sOAiBMtiBrJeQq_eHxGQOIQ:1rg4vO:4jDpFSZvNfQ42Ra32KHAca_Uup9rFLzbwivMikhDd4Q", "expire_date": "2024-03-15T15:35:50.702Z"}}, {"model": "sessions.session", "pk": "s3uhctu3bzygyktsn8rvhttcr6pi5gcr", "fields": {"session_data": ".eJxVjEEOwiAQRe_C2hAsZSgu3fcMzTDDSNVAUtqV8e7apAvd_vfef6kJtzVPW0vLNLO6qLM6_W4R6ZHKDviO5VY11bIuc9S7og_a9Fg5Pa-H-3eQseVvbdJAjCAsEK2zJMCOOo9GPAMyWyfBE6CPXfB9sOAiBMtiBrJeQq_eHxGQOIQ:1rVsNZ:obOJEJlQb4bnQmQMgPTy7emdEy53EJYXWEbs6Xu4J18", "expire_date": "2024-02-16T12:10:45.064Z"}}, {"model": "sessions.session", "pk": "tmm6qe3380i81f3dxfgnsedoimiyjsw4", "fields": {"session_data": ".eJxVjDsOwjAQBe_iGln2xp-Ykj5niNa7axJAsZRPhbg7iZQC2pl576163Nah3xaZ-5HVVYFRl1-YkZ4yHYYfON2rpjqt85j1kejTLrqrLK_b2f4dDLgM-zqZLFgceCzAVJL3EAAtkQlEmRoLkcS1gBJcTNKWuHNm8t4yNpDU5wspTTju:1rx6wE:bEUzJfxt1f9XVl5IfWskxalucrLq0Jyz5oHXEjoedMA", "expire_date": "2024-05-01T15:11:06.912Z"}}, {"model": "sessions.session", "pk": "v6ecnvr1rqlhnm9gotjuc7qtbby13m28", "fields": {"session_data": ".eJxVjEEOwiAQRe_C2hAsZSgu3fcMzTDDSNVAUtqV8e7apAvd_vfef6kJtzVPW0vLNLO6qLM6_W4R6ZHKDviO5VY11bIuc9S7og_a9Fg5Pa-H-3eQseVvbdJAjCAsEK2zJMCOOo9GPAMyWyfBE6CPXfB9sOAiBMtiBrJeQq_eHxGQOIQ:1rqaBR:Ha2C2FGwVx2H4flyRU7x_TRaMxxdswWOvTgsYayaaog", "expire_date": "2024-04-13T14:59:49.021Z"}}, {"model": "sessions.session", "pk": "vi9l9ygbr6kggw3hekxrmhxeshig85jg", "fields": {"session_data": ".eJxVjEEOwiAQRe_C2hAsZSgu3fcMzTDDSNVAUtqV8e7apAvd_vfef6kJtzVPW0vLNLO6qLM6_W4R6ZHKDviO5VY11bIuc9S7og_a9Fg5Pa-H-3eQseVvbdJAjCAsEK2zJMCOOo9GPAMyWyfBE6CPXfB9sOAiBMtiBrJeQq_eHxGQOIQ:1rVYLS:IsIOX76j05cAy4qla48NMM68WpeXJLe1Tw0BH6J4rDk", "expire_date": "2024-02-15T14:47:14.663Z"}}, {"model": "sessions.session", "pk": "w3iy7811zdvqtin9rklk4i4amd9srvka", "fields": {"session_data": ".eJxVjEEOwiAQRe_C2hAsZSgu3fcMzTDDSNVAUtqV8e7apAvd_vfef6kJtzVPW0vLNLO6qLM6_W4R6ZHKDviO5VY11bIuc9S7og_a9Fg5Pa-H-3eQseVvbdJAjCAsEK2zJMCOOo9GPAMyWyfBE6CPXfB9sOAiBMtiBrJeQq_eHxGQOIQ:1rojOz:vOwRD2ljFPgVtQU9AOkHp3-T-oNE6J6tOHATSdeNWws", "expire_date": "2024-04-08T12:26:09.841Z"}}, {"model": "sessions.session", "pk": "w3k4rv3a7g0knxdvaxj1m8c42yv1u9oz", "fields": {"session_data": ".eJxVjEEOwiAQRe_C2hAsZSgu3fcMzTDDSNVAUtqV8e7apAvd_vfef6kJtzVPW0vLNLO6qLM6_W4R6ZHKDviO5VY11bIuc9S7og_a9Fg5Pa-H-3eQseVvbdJAjCAsEK2zJMCOOo9GPAMyWyfBE6CPXfB9sOAiBMtiBrJeQq_eHxGQOIQ:1rlTFc:4RXyfiL6qkevZfLiJCS2RuKhu63rklex1Uy3s1yIzgE", "expire_date": "2024-03-30T12:35:00.167Z"}}, {"model": "sessions.session", "pk": "xuqkp0s713jywf5juc8dwnd86xhxnedd", "fields": {"session_data": ".eJxVjEEOwiAQRe_C2hAsZSgu3fcMzTDDSNVAUtqV8e7apAvd_vfef6kJtzVPW0vLNLO6qLM6_W4R6ZHKDviO5VY11bIuc9S7og_a9Fg5Pa-H-3eQseVvbdJAjCAsEK2zJMCOOo9GPAMyWyfBE6CPXfB9sOAiBMtiBrJeQq_eHxGQOIQ:1rhs4y:u-KEa6t-wMHtEtIjhV1sbKQBTUn2Derijnr5Fu8mRTQ", "expire_date": "2024-03-20T14:17:08.192Z"}}, {"model": "sessions.session", "pk": "xvx8dac15mzdm5toa1nrcm5uv4vl0yla", "fields": {"session_data": ".eJxVjEEOwiAQRe_C2hAsZSgu3fcMzTDDSNVAUtqV8e7apAvd_vfef6kJtzVPW0vLNLO6qLM6_W4R6ZHKDviO5VY11bIuc9S7og_a9Fg5Pa-H-3eQseVvbdJAjCAsEK2zJMCOOo9GPAMyWyfBE6CPXfB9sOAiBMtiBrJeQq_eHxGQOIQ:1rvIWR:1AtGNdBOud63hQeO0-iJ_mLsrxiRxTGvN-Ahyd5F9e0", "expire_date": "2024-04-26T15:08:59.243Z"}}, {"model": "sessions.session", "pk": "y42i2yps20d8e9fwx3ivye1kfmyyhp6q", "fields": {"session_data": ".eJxVjEEOwiAQRe_C2hAsZSgu3fcMzTDDSNVAUtqV8e7apAvd_vfef6kJtzVPW0vLNLO6qLM6_W4R6ZHKDviO5VY11bIuc9S7og_a9Fg5Pa-H-3eQseVvbdJAjCAsEK2zJMCOOo9GPAMyWyfBE6CPXfB9sOAiBMtiBrJeQq_eHxGQOIQ:1rxRRe:8_AOxX5jO5ubsFlibKEZHX1Pkol8nptqHYDXZ1BPLmg", "expire_date": "2024-05-02T13:04:54.230Z"}}, {"model": "accounts.user", "pk": 1, "fields": {"password": "pbkdf2_sha256$600000$5a31RE0FYzxIdCm02alVAc$+NNIcFO47MrXynxAWDKXddiZibiGjFr1mOv+AYpvdkc=", "first_name": "Alireza", "last_name": "Maleki", "username": "ali60vip", "email": "alirezamaleki@gmail.com", "phone_number": "3432343222", "role": null, "date_joined": "2023-12-21T13:57:21.427Z", "last_login": "2024-04-20T21:43:13.798Z", "created_date": "2023-12-21T13:57:21.427Z", "modified_date": "2024-01-31T14:28:43.426Z", "is_admin": true, "is_staff": true, "is_active": true, "is_superadmin": true}}, {"model": "accounts.user", "pk": 12, "fields": {"password": "pbkdf2_sha256$600000$KIjGCkimXk3IIPL4LOZhpM$35C6h9lsuHLWH+o+CfTBmCJshrCzIrGGxG74P+UxbSY=", "first_name": "test11", "last_name": "test11", "username": "test11", "email": "test11@test11.com", "phone_number": "", "role": 1, "date_joined": "2024-01-14T18:20:23.885Z", "last_login": "2024-03-01T15:36:30.707Z", "created_date": "2024-01-14T18:20:23.885Z", "modified_date": "2024-01-19T12:31:29.522Z", "is_admin": false, "is_staff": false, "is_active": true, "is_superadmin": false}}, {"model": "accounts.user", "pk": 13, "fields": {"password": "pbkdf2_sha256$600000$LlbOyENhvGylIeAMLvaeNs$EBiP+zJlbwdm0pEDEOQttyiU5CqSltPC2vJLjQaUDGU=", "first_name": "test12", "last_name": "test12", "username": "test12", "email": "test12@test12.com", "phone_number": "", "role": 2, "date_joined": "2024-01-14T18:21:16.930Z", "last_login": "2024-02-02T13:07:23.226Z", "created_date": "2024-01-14T18:21:16.930Z", "modified_date": "2024-01-22T14:29:20.543Z", "is_admin": false, "is_staff": false, "is_active": true, "is_superadmin": false}}, {"model": "accounts.user", "pk": 20, "fields": {"password": "pbkdf2_sha256$600000$pMJQhqGxVnXwuuOsxYWcy5$IvTHeaMxWvYcKP/IqLk4fPkJD85JjtLfFQ7KsbCNDmQ=", "first_name": "Ahmad", "last_name": "Zoghi", "username": "alirezamaleki", "email": "alirezamaleki@hotmail.com", "phone_number": "", "role": 1, "date_joined": "2024-03-13T13:39:30.688Z", "last_login": "2024-04-22T13:14:10.160Z", "created_date": "2024-03-13T13:39:30.688Z", "modified_date": "2024-03-13T13:41:27.943Z", "is_admin": false, "is_staff": false, "is_active": true, "is_superadmin": false}}, {"model": "accounts.user", "pk": 21, "fields": {"password": "pbkdf2_sha256$600000$XvkKFGcAqwpQQ74cIBNpct$ECwXxoVoXTgaLyzS2v+1uBUKTARNm7vOYlLETan+Icg=", "first_name": "Bita", "last_name": "Alian", "username": "bita444", "email": "bita@alian.com", "phone_number": "", "role": 1, "date_joined": "2024-03-15T13:09:13.046Z", "last_login": "2024-03-15T13:09:13.046Z", "created_date": "2024-03-15T13:09:13.046Z", "modified_date": "2024-03-15T13:09:13.074Z", "is_admin": false, "is_staff": false, "is_active": false, "is_superadmin": false}}, {"model": "accounts.user", "pk": 22, "fields": {"password": "pbkdf2_sha256$600000$B07xUUxaS79m0iUt3RAO46$4OaVZXOmxXU27LhPsj+qSpEV8uyVqWJ/N1TZhs9YGuc=", "first_name": "First", "last_name": "Restaurant", "username": "firstrestaurant", "email": "firstrestaurant.foodonline@gmail.com", "phone_number": "", "role": 1, "date_joined": "2024-03-30T14:58:44.028Z", "last_login": "2024-04-06T15:23:30.543Z", "created_date": "2024-03-30T14:58:44.028Z", "modified_date": "2024-03-30T15:00:47.480Z", "is_admin": false, "is_staff": false, "is_active": true, "is_superadmin": false}}, {"model": "accounts.user", "pk": 23, "fields": {"password": "pbkdf2_sha256$600000$8f5djULQ6D0mDtUnOnzQ0Y$oMyD/pqDpf5PAsbmkTFfXsMMCSdCK9K/eQ+txRGfKtk=", "first_name": "second", "last_name": "restaurant", "username": "secondrestaurant", "email": "secondrestaurant.foodonline@gmail.com", "phone_number": "", "role": 1, "date_joined": "2024-03-30T15:14:42.698Z", "last_login": "2024-04-04T15:00:50.807Z", "created_date": "2024-03-30T15:14:42.698Z", "modified_date": "2024-03-30T15:15:32.971Z", "is_admin": false, "is_staff": false, "is_active": true, "is_superadmin": false}}, {"model": "accounts.user", "pk": 24, "fields": {"password": "pbkdf2_sha256$600000$dvd65nf5USrTfBCriEFvqC$58L9Uuw5w1vwV2cSAcEXmGJuNMW175gTnRC6jHoyKqE=", "first_name": "third", "last_name": "restaurant", "username": "thirdrestaurant", "email": "thirdrestaurant.foodonline@gmail.com", "phone_number": "", "role": 1, "date_joined": "2024-03-30T15:20:15.544Z", "last_login": "2024-04-04T15:00:14.145Z", "created_date": "2024-03-30T15:20:15.544Z", "modified_date": "2024-03-30T15:28:03.406Z", "is_admin": false, "is_staff": false, "is_active": true, "is_superadmin": false}}, {"model": "accounts.user", "pk": 25, "fields": {"password": "pbkdf2_sha256$600000$7LJyW1vZ6KawK5yc16aTgG$2mSeyA/YM3Zf4au5oKzKc5pb0ze9QJ03aM+QOXIxo+g=", "first_name": "fourth", "last_name": "restaurant", "username": "fourthrestaurant", "email": "fourthrestaurant.foodonline@gmail.com", "phone_number": "", "role": 1, "date_joined": "2024-03-30T15:26:54.582Z", "last_login": "2024-04-04T14:59:06.102Z", "created_date": "2024-03-30T15:26:54.582Z", "modified_date": "2024-03-30T15:28:19.598Z", "is_admin": false, "is_staff": false, "is_active": true, "is_superadmin": false}}, {"model": "accounts.user", "pk": 26, "fields": {"password": "pbkdf2_sha256$600000$0D81z3rg5KCTqVZZ1W5svv$lpG92Fc6fTl6Fq23k/VqszDhJIws8mWRoGo5n4yjNoA=", "first_name": "Alagha", "last_name": "Maleki", "username": "alagha", "email": "ali60vip@yahoo.com", "phone_number": "6043580654", "role": 2, "date_joined": "2024-04-09T12:18:47.708Z", "last_login": "2024-05-07T02:01:24.998Z", "created_date": "2024-04-09T12:18:47.708Z", "modified_date": "2024-05-07T02:01:09.326Z", "is_admin": false, "is_staff": false, "is_active": true, "is_superadmin": false}}, {"model": "accounts.user", "pk": 27, "fields": {"password": "pbkdf2_sha256$600000$YBl1Rcrq0tINofudKlPGOC$UbyEkscYWBjc57mqRIAnHiiy8LH/5lX6PtOe6DjAJr4=", "first_name": "al", "last_name": "mal", "username": "amaleki", "email": "amaleki@ea.com", "phone_number": "", "role": 2, "date_joined": "2024-04-23T12:08:45.991Z", "last_login": "2024-04-23T12:08:45.991Z", "created_date": "2024-04-23T12:08:45.991Z", "modified_date": "2024-04-23T12:08:46.027Z", "is_admin": false, "is_staff": false, "is_active": false, "is_superadmin": false}}, {"model": "accounts.userprofile", "pk": 2, "fields": {"user": 1, "profile_picture": "users/profile_pictures/chicken-600x600.jpg", "cover_photo": "users/cover_photos/cover-photo-2_dv62pnv.PNG", "address": "1-3406 Roxton Ave.", "country": null, "state": null, "city": null, "pin_code": null, "latitude": null, "longitude": null, "location": null, "created_at": "2023-12-23T13:26:52.403Z", "modified_at": "2024-04-20T21:43:13.807Z"}}, {"model": "accounts.userprofile", "pk": 13, "fields": {"user": 12, "profile_picture": "users/profile_pictures/profile-picture-3.PNG", "cover_photo": "users/cover_photos/cover-photo-1.PNG", "address": null, "country": "Canada", "state": "BC", "city": "Coquitlam", "pin_code": "v3b 0g", "latitude": null, "longitude": null, "location": null, "created_at": "2024-01-14T18:20:23.889Z", "modified_at": "2024-03-01T15:36:30.711Z"}}, {"model": "accounts.userprofile", "pk": 14, "fields": {"user": 13, "profile_picture": "users/profile_pictures/chicken-barbeque.jpg", "cover_photo": "users/cover_photos/cover-photo-4.PNG", "address": null, "country": null, "state": null, "city": null, "pin_code": null, "latitude": null, "longitude": null, "location": null, "created_at": "2024-01-14T18:21:16.934Z", "modified_at": "2024-03-16T12:37:02.304Z"}}, {"model": "accounts.userprofile", "pk": 21, "fields": {"user": 20, "profile_picture": "users/profile_pictures/burger-600x600.jpg", "cover_photo": "users/cover_photos/cover-photo-1_pLCKx5M.PNG", "address": null, "country": null, "state": "BC", "city": "Coquitlam", "pin_code": "V3B 0G", "latitude": null, "longitude": null, "location": null, "created_at": "2024-03-13T13:39:30.695Z", "modified_at": "2024-04-22T13:14:10.171Z"}}, {"model": "accounts.userprofile", "pk": 22, "fields": {"user": 21, "profile_picture": "", "cover_photo": "", "address": null, "country": null, "state": null, "city": null, "pin_code": null, "latitude": null, "longitude": null, "location": null, "created_at": "2024-03-15T13:09:13.051Z", "modified_at": "2024-03-15T13:09:13.079Z"}}, {"model": "accounts.userprofile", "pk": 23, "fields": {"user": 22, "profile_picture": "users/profile_pictures/steam-rice.jpg", "cover_photo": "users/cover_photos/cover-photo-1_FROEAn5.PNG", "address": "Lynnwood Recreation Center, 44th Avenue West, Lynnwood, WA, USA", "country": "United States", "state": "WA", "city": "Lynnwood", "pin_code": "98001", "latitude": "47.826811", "longitude": "-122.293031", "location": "SRID=4326;POINT (-122.293031 47.826811)", "created_at": "2024-03-30T14:58:44.036Z", "modified_at": "2024-04-06T15:23:30.553Z"}}, {"model": "accounts.userprofile", "pk": 24, "fields": {"user": 23, "profile_picture": "users/profile_pictures/pizza-600x600.jpg", "cover_photo": "users/cover_photos/cover-photo-2_yRlHvyp.PNG", "address": "Lynnwood Bowl & Skate, 200th Street Southwest, Lynnwood, WA, USA", "country": "United States", "state": "WA", "city": "Lynnwood", "pin_code": "98002", "latitude": "47.8169836", "longitude": "-122.3174903", "location": "SRID=4326;POINT (-122.3174903 47.8169836)", "created_at": "2024-03-30T15:14:42.700Z", "modified_at": "2024-04-04T15:02:13.363Z"}}, {"model": "accounts.userprofile", "pk": 25, "fields": {"user": 24, "profile_picture": "users/profile_pictures/seafood-600x600.jpg", "cover_photo": "users/cover_photos/cover-photo-5.PNG", "address": "Everett Mall, Southeast Everett Mall Way, Everett, WA, USA", "country": "United States", "state": "WA", "city": "Everett", "pin_code": "98101", "latitude": "47.9102241", "longitude": "-122.2131348", "location": "SRID=4326;POINT (-122.2131348 47.9102241)", "created_at": "2024-03-30T15:20:15.546Z", "modified_at": "2024-04-04T15:02:19.883Z"}}, {"model": "accounts.userprofile", "pk": 26, "fields": {"user": 25, "profile_picture": "users/profile_pictures/burger-600x600_Wnx2qjS.jpg", "cover_photo": "users/cover_photos/cover-photo-1_hG8UrWI.PNG", "address": "Mill Creek, WA, USA", "country": null, "state": null, "city": null, "pin_code": null, "latitude": "47.8600971", "longitude": "-122.2042966", "location": "SRID=4326;POINT (-122.2042966 47.8600971)", "created_at": "2024-03-30T15:26:54.586Z", "modified_at": "2024-04-04T15:02:25.865Z"}}, {"model": "accounts.userprofile", "pk": 27, "fields": {"user": 26, "profile_picture": "users/profile_pictures/veg-pizza-600x600.jpg", "cover_photo": "users/cover_photos/cover-photo-2_TowugWQ.PNG", "address": "124 Conch St, Holden Beach, NC, USA", "country": "United States", "state": "NC", "city": "Holden Beach", "pin_code": "12345", "latitude": "33.9167203", "longitude": "-78.2574259", "location": "SRID=4326;POINT (-78.2574259 33.9167203)", "created_at": "2024-04-09T12:18:47.713Z", "modified_at": "2024-05-07T02:01:25.009Z"}}, {"model": "accounts.userprofile", "pk": 28, "fields": {"user": 27, "profile_picture": "", "cover_photo": "", "address": null, "country": null, "state": null, "city": null, "pin_code": null, "latitude": null, "longitude": null, "location": null, "created_at": "2024-04-23T12:08:46.003Z", "modified_at": "2024-04-23T12:08:46.032Z"}}, {"model": "vendor.vendor", "pk": 4, "fields": {"user": 1, "user_profile": 2, "vendor_name": "Behrouz Burgers Asl", "vendor_slug": "behrouz-burgers-asl", "vendor_license": "vendor/license/italian-pizza-600x600.jpg", "is_approved": true, "created_at": "2024-02-06T13:14:42.016Z", "modified_at": "2024-03-15T12:59:09.225Z"}}, {"model": "vendor.vendor", "pk": 5, "fields": {"user": 20, "user_profile": 21, "vendor_name": "Pizza Aftab", "vendor_slug": "pizza-aftab", "vendor_license": "vendor/license/image_33.png", "is_approved": true, "created_at": "2024-03-13T13:39:30.720Z", "modified_at": "2024-03-15T12:58:57.069Z"}}, {"model": "vendor.vendor", "pk": 7, "fields": {"user": 22, "user_profile": 23, "vendor_name": "Fifth Restaurant", "vendor_slug": "fifth-restaurant-22", "vendor_license": "vendor/license/PXL_20240308_015615505.jpg", "is_approved": true, "created_at": "2024-03-30T14:58:44.065Z", "modified_at": "2024-03-30T15:04:20.406Z"}}, {"model": "vendor.vendor", "pk": 8, "fields": {"user": 23, "user_profile": 24, "vendor_name": "secondrestaurant", "vendor_slug": "secondrestaurant-23", "vendor_license": "vendor/license/rice-bowl.jpg", "is_approved": true, "created_at": "2024-03-30T15:14:42.731Z", "modified_at": "2024-04-04T15:01:02.393Z"}}, {"model": "vendor.vendor", "pk": 9, "fields": {"user": 24, "user_profile": 25, "vendor_name": "thirdrestaurant", "vendor_slug": "thirdrestaurant-24", "vendor_license": "vendor/license/profile-picture-4.PNG", "is_approved": true, "created_at": "2024-03-30T15:20:15.556Z", "modified_at": "2024-04-04T15:00:35.922Z"}}, {"model": "vendor.vendor", "pk": 10, "fields": {"user": 25, "user_profile": 26, "vendor_name": "fourthrestaurant", "vendor_slug": "fourthrestaurant-25", "vendor_license": "vendor/license/profile-picture-1.PNG", "is_approved": true, "created_at": "2024-03-30T15:26:54.596Z", "modified_at": "2024-04-04T14:59:48.801Z"}}, {"model": "vendor.openinghour", "pk": 1, "fields": {"vendor": 4, "day": 1, "from_hour": "11:00 AM", "to_hour": "10:30 PM", "is_closed": false}}, {"model": "vendor.openinghour", "pk": 27, "fields": {"vendor": 7, "day": 2, "from_hour": "01:00 AM", "to_hour": "07:00 AM", "is_closed": false}}, {"model": "vendor.openinghour", "pk": 28, "fields": {"vendor": 7, "day": 3, "from_hour": "01:00 AM", "to_hour": "09:00 AM", "is_closed": false}}, {"model": "vendor.openinghour", "pk": 29, "fields": {"vendor": 7, "day": 1, "from_hour": "10:00 AM", "to_hour": "04:30 PM", "is_closed": false}}, {"model": "vendor.openinghour", "pk": 30, "fields": {"vendor": 7, "day": 4, "from_hour": "08:30 AM", "to_hour": "06:00 PM", "is_closed": false}}, {"model": "vendor.openinghour", "pk": 31, "fields": {"vendor": 7, "day": 6, "from_hour": "", "to_hour": "", "is_closed": true}}, {"model": "vendor.openinghour", "pk": 32, "fields": {"vendor": 7, "day": 7, "from_hour": "", "to_hour": "", "is_closed": true}}, {"model": "vendor.openinghour", "pk": 33, "fields": {"vendor": 7, "day": 5, "from_hour": "08:00 AM", "to_hour": "07:00 PM", "is_closed": false}}, {"model": "vendor.openinghour", "pk": 34, "fields": {"vendor": 4, "day": 2, "from_hour": "07:00 AM", "to_hour": "07:30 PM", "is_closed": false}}, {"model": "vendor.openinghour", "pk": 35, "fields": {"vendor": 4, "day": 3, "from_hour": "05:00 PM", "to_hour": "10:00 PM", "is_closed": false}}, {"model": "vendor.openinghour", "pk": 36, "fields": {"vendor": 4, "day": 6, "from_hour": "", "to_hour": "", "is_closed": true}}, {"model": "vendor.openinghour", "pk": 37, "fields": {"vendor": 4, "day": 7, "from_hour": "09:00 AM", "to_hour": "03:00 PM", "is_closed": false}}, {"model": "vendor.openinghour", "pk": 38, "fields": {"vendor": 4, "day": 4, "from_hour": "09:00 AM", "to_hour": "11:00 PM", "is_closed": false}}, {"model": "vendor.openinghour", "pk": 39, "fields": {"vendor": 4, "day": 5, "from_hour": "08:30 AM", "to_hour": "11:00 PM", "is_closed": false}}, {"model": "vendor.openinghour", "pk": 40, "fields": {"vendor": 4, "day": 7, "from_hour": "06:00 PM", "to_hour": "11:30 PM", "is_closed": false}}, {"model": "menu.category", "pk": 1, "fields": {"vendor": 4, "category_name": "Burgers", "slug": "burgers", "description": "delicious burgers", "created_at": "2024-03-04T15:26:47.440Z", "updated_at": "2024-03-04T15:26:47.440Z"}}, {"model": "menu.category", "pk": 2, "fields": {"vendor": 4, "category_name": "Sea Food", "slug": "sea-food", "description": "Excellent sea foods", "created_at": "2024-03-04T15:27:10.691Z", "updated_at": "2024-03-04T15:27:10.691Z"}}, {"model": "menu.category", "pk": 3, "fields": {"vendor": 4, "category_name": "Pizza", "slug": "pizza", "description": "", "created_at": "2024-03-04T15:27:45.070Z", "updated_at": "2024-03-04T15:27:45.070Z"}}, {"model": "menu.category", "pk": 4, "fields": {"vendor": 4, "category_name": "Chicken", "slug": "chicken", "description": "The best chickens in town", "created_at": "2024-03-04T15:28:03.905Z", "updated_at": "2024-03-04T15:28:03.906Z"}}, {"model": "menu.category", "pk": 8, "fields": {"vendor": 5, "category_name": "Persian cuisine", "slug": "persian-cuisine", "description": "Delicious", "created_at": "2024-03-13T14:31:17.288Z", "updated_at": "2024-03-13T14:31:17.288Z"}}, {"model": "menu.category", "pk": 9, "fields": {"vendor": 7, "category_name": "Chicken", "slug": "chicken-9", "description": "", "created_at": "2024-03-30T15:10:53.701Z", "updated_at": "2024-03-30T15:10:53.704Z"}}, {"model": "menu.category", "pk": 10, "fields": {"vendor": 7, "category_name": "Pizza", "slug": "pizza-10", "description": "Special pizza from restaurant 1", "created_at": "2024-03-30T15:12:55.994Z", "updated_at": "2024-03-30T15:12:55.997Z"}}, {"model": "menu.category", "pk": 11, "fields": {"vendor": 8, "category_name": "Chicken", "slug": "chicken-11", "description": "test chicken", "created_at": "2024-03-30T15:17:55.532Z", "updated_at": "2024-03-30T15:17:55.533Z"}}, {"model": "menu.category", "pk": 12, "fields": {"vendor": 8, "category_name": "Pizza", "slug": "pizza-12", "description": "test pizza esc", "created_at": "2024-03-30T15:18:08.594Z", "updated_at": "2024-03-30T15:18:08.596Z"}}, {"model": "menu.category", "pk": 13, "fields": {"vendor": 9, "category_name": "Chicken", "slug": "chicken-13", "description": "", "created_at": "2024-03-30T15:30:13.012Z", "updated_at": "2024-03-30T15:30:13.014Z"}}, {"model": "menu.category", "pk": 14, "fields": {"vendor": 9, "category_name": "Persian", "slug": "persian-14", "description": "good persian food", "created_at": "2024-03-30T15:30:57.493Z", "updated_at": "2024-03-30T15:30:57.496Z"}}, {"model": "menu.category", "pk": 15, "fields": {"vendor": 10, "category_name": "Pizza", "slug": "pizza-15", "description": "", "created_at": "2024-03-30T15:32:41.939Z", "updated_at": "2024-03-30T15:32:41.942Z"}}, {"model": "menu.category", "pk": 16, "fields": {"vendor": 10, "category_name": "Persian", "slug": "persian-16", "description": "", "created_at": "2024-03-30T15:32:50.985Z", "updated_at": "2024-03-30T15:32:50.987Z"}}, {"model": "menu.category", "pk": 17, "fields": {"vendor": 10, "category_name": "Chicken", "slug": "chicken-17", "description": "", "created_at": "2024-03-30T15:33:04.845Z", "updated_at": "2024-03-30T15:33:04.847Z"}}, {"model": "menu.category", "pk": 18, "fields": {"vendor": 5, "category_name": "Pizza", "slug": "pizza-18", "description": "Good pizza", "created_at": "2024-04-21T22:34:55.076Z", "updated_at": "2024-04-21T22:34:55.081Z"}}, {"model": "menu.fooditem", "pk": 2, "fields": {"vendor": 4, "category": 4, "food_title": "Barbecue Chicken", "slug": "barbecue-chicken", "description": "", "price": "25.00", "image": "foodimages/chicken-barbeque.jpg", "is_available": true, "created_at": "2024-03-04T15:48:57.110Z", "updated_at": "2024-03-04T15:48:57.110Z"}}, {"model": "menu.fooditem", "pk": 3, "fields": {"vendor": 4, "category": 4, "food_title": "Fied Chicken", "slug": "fied-chicken", "description": "Great Fied Chicken", "price": "15.00", "image": "foodimages/chicken-600x600.jpg", "is_available": true, "created_at": "2024-03-04T15:49:36.314Z", "updated_at": "2024-03-04T15:49:36.314Z"}}, {"model": "menu.fooditem", "pk": 4, "fields": {"vendor": 4, "category": 2, "food_title": "Sea Food One", "slug": "sea-food-one", "description": "Sea food is really awesome!", "price": "25.00", "image": "foodimages/seafood-600x600.jpg", "is_available": true, "created_at": "2024-03-04T15:50:10.557Z", "updated_at": "2024-03-04T15:50:10.557Z"}}, {"model": "menu.fooditem", "pk": 6, "fields": {"vendor": 4, "category": 3, "food_title": "Italian Pizza", "slug": "italian-pizza", "description": "Italian pizza", "price": "12.00", "image": "foodimages/italian-pizza-600x600.jpg", "is_available": true, "created_at": "2024-03-04T15:51:15.275Z", "updated_at": "2024-03-04T15:51:15.275Z"}}, {"model": "menu.fooditem", "pk": 9, "fields": {"vendor": 4, "category": 3, "food_title": "American Pizza", "slug": "american-pizza", "description": "very good american pizza", "price": "15.00", "image": "foodimages/veg-pizza-600x600_unfwTnr.jpg", "is_available": false, "created_at": "2024-03-12T15:11:43.478Z", "updated_at": "2024-03-12T15:11:43.478Z"}}, {"model": "menu.fooditem", "pk": 10, "fields": {"vendor": 7, "category": 9, "food_title": "Chicken test", "slug": "chicken-test", "description": "chicken tets", "price": "10.00", "image": "foodimages/chicken-600x600_HdscLON.jpg", "is_available": true, "created_at": "2024-03-30T15:11:33.064Z", "updated_at": "2024-03-30T15:11:33.064Z"}}, {"model": "menu.fooditem", "pk": 11, "fields": {"vendor": 7, "category": 10, "food_title": "Pizza peperroni", "slug": "pizza-peperroni", "description": "good pizza", "price": "12.00", "image": "foodimages/brand_pic3.jpg", "is_available": true, "created_at": "2024-03-30T15:13:19.123Z", "updated_at": "2024-03-30T15:13:19.123Z"}}, {"model": "menu.fooditem", "pk": 12, "fields": {"vendor": 7, "category": 10, "food_title": "pizza polo", "slug": "pizza-polo", "description": "fds", "price": "11.00", "image": "foodimages/veg-pizza-600x600_PepCj3p.jpg", "is_available": true, "created_at": "2024-03-30T15:13:46.675Z", "updated_at": "2024-03-30T15:13:46.675Z"}}, {"model": "menu.fooditem", "pk": 13, "fields": {"vendor": 8, "category": 11, "food_title": "chicken thai", "slug": "chicken-thai", "description": "haha,, this is good", "price": "12.00", "image": "foodimages/chicken-barbeque_g1FOUOp.jpg", "is_available": true, "created_at": "2024-03-30T15:18:38.693Z", "updated_at": "2024-03-30T15:18:38.693Z"}}, {"model": "menu.fooditem", "pk": 14, "fields": {"vendor": 8, "category": 12, "food_title": "pizza papa jan", "slug": "pizza-papa-jan", "description": "fdsa", "price": "9.00", "image": "foodimages/brand_pic3_3X6H3Xp.jpg", "is_available": true, "created_at": "2024-03-30T15:19:03.550Z", "updated_at": "2024-03-30T15:19:03.550Z"}}, {"model": "menu.fooditem", "pk": 15, "fields": {"vendor": 9, "category": 13, "food_title": "chicken bala", "slug": "chicken-bala", "description": "", "price": "14.50", "image": "foodimages/chicken-barbeque_cyMWNuo.jpg", "is_available": true, "created_at": "2024-03-30T15:30:37.969Z", "updated_at": "2024-03-30T15:30:37.969Z"}}, {"model": "menu.fooditem", "pk": 16, "fields": {"vendor": 9, "category": 14, "food_title": "zereshk polo", "slug": "zereshk-polo", "description": "haha,, it's good", "price": "15.99", "image": "foodimages/tuna-fish.jpg", "is_available": true, "created_at": "2024-03-30T15:31:28.555Z", "updated_at": "2024-03-30T15:31:28.555Z"}}, {"model": "menu.fooditem", "pk": 17, "fields": {"vendor": 9, "category": 14, "food_title": "Kabab", "slug": "kabab", "description": "fdsa", "price": "10.95", "image": "foodimages/profile-picture-5.PNG", "is_available": true, "created_at": "2024-03-30T15:31:56.419Z", "updated_at": "2024-03-30T15:31:56.420Z"}}, {"model": "menu.fooditem", "pk": 18, "fields": {"vendor": 10, "category": 15, "food_title": "pizza khube", "slug": "pizza-khube", "description": "dfsa", "price": "7.00", "image": "foodimages/italian-pizza-600x600_uyq1yxB.jpg", "is_available": true, "created_at": "2024-03-30T15:33:22.953Z", "updated_at": "2024-03-30T15:33:22.953Z"}}, {"model": "menu.fooditem", "pk": 19, "fields": {"vendor": 10, "category": 17, "food_title": "chicken kabab", "slug": "chicken-kabab", "description": "fdsa", "price": "44.00", "image": "foodimages/chicken-600x600_6fAPF5W.jpg", "is_available": true, "created_at": "2024-03-30T15:34:09.435Z", "updated_at": "2024-03-30T15:34:09.435Z"}}, {"model": "menu.fooditem", "pk": 20, "fields": {"vendor": 10, "category": 16, "food_title": "Tahchin", "slug": "tahchin", "description": "fecc", "price": "8.00", "image": "foodimages/steam-rice_OTsLTNx.jpg", "is_available": true, "created_at": "2024-03-30T15:34:35.809Z", "updated_at": "2024-03-30T15:34:35.809Z"}}, {"model": "menu.fooditem", "pk": 21, "fields": {"vendor": 5, "category": 8, "food_title": "Ghorme Sabzi", "slug": "ghorme-sabzi", "description": "Persian ghorme sabzi", "price": "13.99", "image": "foodimages/steam-rice_Vw0nduv.jpg", "is_available": true, "created_at": "2024-04-21T22:33:49.341Z", "updated_at": "2024-04-21T22:33:49.341Z"}}, {"model": "menu.fooditem", "pk": 22, "fields": {"vendor": 5, "category": 8, "food_title": "Kabab Kubideh", "slug": "kabab-kubideh", "description": "Kabab Kubideh Khanegi", "price": "12.99", "image": "foodimages/rice-bowl.jpg", "is_available": true, "created_at": "2024-04-21T22:34:42.254Z", "updated_at": "2024-04-21T22:34:42.254Z"}}, {"model": "menu.fooditem", "pk": 23, "fields": {"vendor": 5, "category": 18, "food_title": "Pizza Pepperoni", "slug": "pizza-pepperoni", "description": "homemade pizza", "price": "11.00", "image": "foodimages/brand_pic3_Z2uvfUi.jpg", "is_available": true, "created_at": "2024-04-21T22:35:25.993Z", "updated_at": "2024-04-21T22:35:25.993Z"}}, {"model": "menu.fooditem", "pk": 24, "fields": {"vendor": 5, "category": 18, "food_title": "Pizza Four Cheese", "slug": "pizza-four-cheese", "description": "4 cheese pizza", "price": "13.00", "image": "foodimages/pizza-600x600.jpg", "is_available": true, "created_at": "2024-04-21T22:35:58.932Z", "updated_at": "2024-04-21T22:35:58.932Z"}}, {"model": "marketplace.cart", "pk": 90, "fields": {"user": 22, "fooditem": 4, "quantity": 3, "created_at": "2024-04-08T16:16:49.923Z", "updated_at": "2024-04-08T16:16:50.690Z"}}, {"model": "marketplace.cart", "pk": 91, "fields": {"user": 22, "fooditem": 6, "quantity": 2, "created_at": "2024-04-08T16:16:51.445Z", "updated_at": "2024-04-08T16:16:51.713Z"}}, {"model": "marketplace.cart", "pk": 92, "fields": {"user": 22, "fooditem": 2, "quantity": 2, "created_at": "2024-04-08T16:16:52.910Z", "updated_at": "2024-04-08T16:16:52.996Z"}}, {"model": "marketplace.cart", "pk": 110, "fields": {"user": 20, "fooditem": 22, "quantity": 2, "created_at": "2024-04-22T02:57:57.063Z", "updated_at": "2024-04-22T02:57:57.238Z"}}, {"model": "marketplace.cart", "pk": 111, "fields": {"user": 20, "fooditem": 23, "quantity": 5, "created_at": "2024-04-22T02:57:58.128Z", "updated_at": "2024-04-22T05:24:32.119Z"}}, {"model": "marketplace.cart", "pk": 112, "fields": {"user": 20, "fooditem": 4, "quantity": 1, "created_at": "2024-04-22T02:58:07.119Z", "updated_at": "2024-04-22T02:58:07.119Z"}}, {"model": "marketplace.cart", "pk": 113, "fields": {"user": 20, "fooditem": 6, "quantity": 2, "created_at": "2024-04-22T02:58:08.456Z", "updated_at": "2024-04-22T02:58:08.602Z"}}, {"model": "marketplace.cart", "pk": 114, "fields": {"user": 20, "fooditem": 18, "quantity": 2, "created_at": "2024-04-22T05:20:37.676Z", "updated_at": "2024-04-22T05:20:37.845Z"}}, {"model": "marketplace.cart", "pk": 115, "fields": {"user": 20, "fooditem": 19, "quantity": 1, "created_at": "2024-04-22T05:20:44.149Z", "updated_at": "2024-04-22T05:20:44.149Z"}}, {"model": "marketplace.cart", "pk": 116, "fields": {"user": 26, "fooditem": 24, "quantity": 2, "created_at": "2024-04-22T13:12:58.585Z", "updated_at": "2024-04-22T13:12:58.751Z"}}, {"model": "marketplace.cart", "pk": 117, "fields": {"user": 26, "fooditem": 22, "quantity": 1, "created_at": "2024-04-22T13:13:00.444Z", "updated_at": "2024-04-22T13:13:00.444Z"}}, {"model": "marketplace.cart", "pk": 118, "fields": {"user": 26, "fooditem": 18, "quantity": 1, "created_at": "2024-04-22T13:13:08.207Z", "updated_at": "2024-04-22T13:13:08.207Z"}}, {"model": "marketplace.cart", "pk": 119, "fields": {"user": 26, "fooditem": 20, "quantity": 1, "created_at": "2024-04-22T13:13:09.248Z", "updated_at": "2024-04-22T13:13:09.248Z"}}, {"model": "marketplace.cart", "pk": 120, "fields": {"user": 26, "fooditem": 4, "quantity": 2, "created_at": "2024-04-22T13:13:14.439Z", "updated_at": "2024-04-22T13:13:14.705Z"}}, {"model": "marketplace.cart", "pk": 121, "fields": {"user": 26, "fooditem": 3, "quantity": 4, "created_at": "2024-04-22T13:13:16.234Z", "updated_at": "2024-04-22T13:13:17.084Z"}}, {"model": "marketplace.tax", "pk": 1, "fields": {"tax_type": "GST", "tax_percentage": "5.00", "is_active": true}}, {"model": "marketplace.tax", "pk": 2, "fields": {"tax_type": "PST", "tax_percentage": "7.00", "is_active": true}}, {"model": "orders.payment", "pk": 20, "fields": {"user": 26, "transaction_id": "2W477599K2581514T", "payment_method": "PayPal", "amount": "136.63", "status": "COMPLETED", "created_at": "2024-04-22T01:48:23.774Z"}}, {"model": "orders.payment", "pk": 21, "fields": {"user": 20, "transaction_id": "7WD13074MU970181X", "payment_method": "PayPal", "amount": "111.97", "status": "COMPLETED", "created_at": "2024-04-22T02:58:40.360Z"}}, {"model": "orders.payment", "pk": 22, "fields": {"user": 20, "transaction_id": "4LY23099LG643104K", "payment_method": "PayPal", "amount": "161.26", "status": "COMPLETED", "created_at": "2024-04-22T05:22:39.025Z"}}, {"model": "orders.payment", "pk": 23, "fields": {"user": 20, "transaction_id": "3BH570602L170530P", "payment_method": "PayPal", "amount": "210.54", "status": "COMPLETED", "created_at": "2024-04-22T05:24:52.820Z"}}, {"model": "orders.payment", "pk": 24, "fields": {"user": 26, "transaction_id": "9AT61793M7093954E", "payment_method": "PayPal", "amount": "183.67", "status": "COMPLETED", "created_at": "2024-04-22T13:13:43.071Z"}}, {"model": "orders.payment", "pk": 25, "fields": {"user": 26, "transaction_id": "59U6805640528224R", "payment_method": "PayPal", "amount": "183.67", "status": "COMPLETED", "created_at": "2024-04-23T13:37:25.205Z"}}, {"model": "orders.payment", "pk": 26, "fields": {"user": 26, "transaction_id": "4LW807276X659081F", "payment_method": "PayPal", "amount": "183.67", "status": "COMPLETED", "created_at": "2024-04-23T14:03:28.408Z"}}, {"model": "orders.order", "pk": 45, "fields": {"user": 20, "payment": 23, "order_number": "2024042122244245", "first_name": "Ahmad", "last_name": "Zoghi", "phone": "", "email": "alirezamaleki@hotmail.com", "address": "hyh", "country": "hy", "state": "BC", "city": "Coquitlam", "pin_code": "V3B 0G", "total": 210.54, "tax_data": "{\"GST\": {\"5.00\": 9.40}, \"PST\": {\"7.00\": 13.16}}", "total_data": "{\"5\": {\"80.98\": \"{'GST': {'5.00': '4.05'}, 'PST': {'7.00': '5.67'}}\"}, \"4\": {\"49.00\": \"{'GST': {'5.00': '2.45'}, 'PST': {'7.00': '3.43'}}\"}, \"10\": {\"58.00\": \"{'GST': {'5.00': '2.90'}, 'PST': {'7.00': '4.06'}}\"}}", "total_tax": 22.56, "payment_method": "PayPal", "status": "New", "is_ordered": true, "created_at": "2024-04-22T05:24:42.133Z", "updated_at": "2024-04-22T05:24:52.823Z", "vendors": [5, 4, 10]}}, {"model": "orders.order", "pk": 46, "fields": {"user": 26, "payment": 24, "order_number": "2024042206132546", "first_name": "Alagha", "last_name": "Maleki", "phone": "6043580654", "email": "ali60vip@yahoo.com", "address": "124 Conch St, Holden Beach, NC, USA", "country": "United States", "state": "NC", "city": "Holden Beach", "pin_code": "12345", "total": 183.67, "tax_data": "{\"GST\": {\"5.00\": 8.20}, \"PST\": {\"7.00\": 11.48}}", "total_data": "{\"5\": {\"38.99\": \"{'GST': {'5.00': '1.95'}, 'PST': {'7.00': '2.73'}}\"}, \"10\": {\"15.00\": \"{'GST': {'5.00': '0.75'}, 'PST': {'7.00': '1.05'}}\"}, \"4\": {\"110.00\": \"{'GST': {'5.00': '5.50'}, 'PST': {'7.00': '7.70'}}\"}}", "total_tax": 19.68, "payment_method": "PayPal", "status": "New", "is_ordered": true, "created_at": "2024-04-22T13:13:25.689Z", "updated_at": "2024-04-22T13:13:43.073Z", "vendors": [5, 4, 10]}}, {"model": "orders.order", "pk": 47, "fields": {"user": 26, "payment": null, "order_number": "2024042306001547", "first_name": "Alagha", "last_name": "Maleki", "phone": "6043580654", "email": "ali60vip@yahoo.com", "address": "124 Conch St, Holden Beach, NC, USA", "country": "United States", "state": "NC", "city": "Holden Beach", "pin_code": "12345", "total": 183.67, "tax_data": "{\"GST\": {\"5.00\": 8.20}, \"PST\": {\"7.00\": 11.48}}", "total_data": "{\"5\": {\"38.99\": \"{'GST': {'5.00': '1.95'}, 'PST': {'7.00': '2.73'}}\"}, \"10\": {\"15.00\": \"{'GST': {'5.00': '0.75'}, 'PST': {'7.00': '1.05'}}\"}, \"4\": {\"110.00\": \"{'GST': {'5.00': '5.50'}, 'PST': {'7.00': '7.70'}}\"}}", "total_tax": 19.68, "payment_method": "PayPal", "status": "New", "is_ordered": false, "created_at": "2024-04-23T13:00:15.257Z", "updated_at": "2024-04-23T13:00:15.271Z", "vendors": [5, 4, 10]}}, {"model": "orders.order", "pk": 48, "fields": {"user": 26, "payment": null, "order_number": "2024042306020248", "first_name": "Alagha", "last_name": "Maleki", "phone": "6043580654", "email": "ali60vip@yahoo.com", "address": "124 Conch St, Holden Beach, NC, USA", "country": "United States", "state": "NC", "city": "Holden Beach", "pin_code": "12345", "total": 183.67, "tax_data": "{\"GST\": {\"5.00\": 8.20}, \"PST\": {\"7.00\": 11.48}}", "total_data": "{\"5\": {\"38.99\": \"{'GST': {'5.00': '1.95'}, 'PST': {'7.00': '2.73'}}\"}, \"10\": {\"15.00\": \"{'GST': {'5.00': '0.75'}, 'PST': {'7.00': '1.05'}}\"}, \"4\": {\"110.00\": \"{'GST': {'5.00': '5.50'}, 'PST': {'7.00': '7.70'}}\"}}", "total_tax": 19.68, "payment_method": "PayPal", "status": "New", "is_ordered": false, "created_at": "2024-04-23T13:02:02.773Z", "updated_at": "2024-04-23T13:02:02.778Z", "vendors": [5, 4, 10]}}, {"model": "orders.order", "pk": 49, "fields": {"user": 26, "payment": null, "order_number": "2024042306113749", "first_name": "Alagha", "last_name": "Maleki", "phone": "6043580654", "email": "ali60vip@yahoo.com", "address": "124 Conch St, Holden Beach, NC, USA", "country": "United States", "state": "NC", "city": "Holden Beach", "pin_code": "12345", "total": 183.67, "tax_data": "{\"GST\": {\"5.00\": 8.20}, \"PST\": {\"7.00\": 11.48}}", "total_data": "{\"5\": {\"38.99\": \"{'GST': {'5.00': '1.95'}, 'PST': {'7.00': '2.73'}}\"}, \"10\": {\"15.00\": \"{'GST': {'5.00': '0.75'}, 'PST': {'7.00': '1.05'}}\"}, \"4\": {\"110.00\": \"{'GST': {'5.00': '5.50'}, 'PST': {'7.00': '7.70'}}\"}}", "total_tax": 19.68, "payment_method": "PayPal", "status": "New", "is_ordered": false, "created_at": "2024-04-23T13:11:37.960Z", "updated_at": "2024-04-23T13:11:37.968Z", "vendors": [5, 4, 10]}}, {"model": "orders.order", "pk": 50, "fields": {"user": 26, "payment": null, "order_number": "2024042306182850", "first_name": "Alagha", "last_name": "Maleki", "phone": "6043580654", "email": "ali60vip@yahoo.com", "address": "124 Conch St, Holden Beach, NC, USA", "country": "United States", "state": "NC", "city": "Holden Beach", "pin_code": "12345", "total": 183.67, "tax_data": "{\"GST\": {\"5.00\": 8.20}, \"PST\": {\"7.00\": 11.48}}", "total_data": "{\"5\": {\"38.99\": \"{'GST': {'5.00': '1.95'}, 'PST': {'7.00': '2.73'}}\"}, \"10\": {\"15.00\": \"{'GST': {'5.00': '0.75'}, 'PST': {'7.00': '1.05'}}\"}, \"4\": {\"110.00\": \"{'GST': {'5.00': '5.50'}, 'PST': {'7.00': '7.70'}}\"}}", "total_tax": 19.68, "payment_method": "PayPal", "status": "New", "is_ordered": false, "created_at": "2024-04-23T13:18:28.313Z", "updated_at": "2024-04-23T13:18:28.319Z", "vendors": [5, 4, 10]}}, {"model": "orders.order", "pk": 51, "fields": {"user": 26, "payment": null, "order_number": "2024042306185851", "first_name": "Alagha", "last_name": "Maleki", "phone": "6043580654", "email": "ali60vip@yahoo.com", "address": "124 Conch St, Holden Beach, NC, USA", "country": "United States", "state": "NC", "city": "Holden Beach", "pin_code": "12345", "total": 183.67, "tax_data": "{\"GST\": {\"5.00\": 8.20}, \"PST\": {\"7.00\": 11.48}}", "total_data": "{\"5\": {\"38.99\": \"{'GST': {'5.00': '1.95'}, 'PST': {'7.00': '2.73'}}\"}, \"10\": {\"15.00\": \"{'GST': {'5.00': '0.75'}, 'PST': {'7.00': '1.05'}}\"}, \"4\": {\"110.00\": \"{'GST': {'5.00': '5.50'}, 'PST': {'7.00': '7.70'}}\"}}", "total_tax": 19.68, "payment_method": "PayPal", "status": "New", "is_ordered": false, "created_at": "2024-04-23T13:18:58.247Z", "updated_at": "2024-04-23T13:18:58.252Z", "vendors": [5, 4, 10]}}, {"model": "orders.order", "pk": 52, "fields": {"user": 26, "payment": null, "order_number": "2024042306253752", "first_name": "Alagha", "last_name": "Maleki", "phone": "6043580654", "email": "ali60vip@yahoo.com", "address": "124 Conch St, Holden Beach, NC, USA", "country": "United States", "state": "NC", "city": "Holden Beach", "pin_code": "12345", "total": 183.67, "tax_data": "{\"GST\": {\"5.00\": 8.20}, \"PST\": {\"7.00\": 11.48}}", "total_data": "{\"5\": {\"38.99\": \"{'GST': {'5.00': '1.95'}, 'PST': {'7.00': '2.73'}}\"}, \"10\": {\"15.00\": \"{'GST': {'5.00': '0.75'}, 'PST': {'7.00': '1.05'}}\"}, \"4\": {\"110.00\": \"{'GST': {'5.00': '5.50'}, 'PST': {'7.00': '7.70'}}\"}}", "total_tax": 19.68, "payment_method": "PayPal", "status": "New", "is_ordered": false, "created_at": "2024-04-23T13:25:37.264Z", "updated_at": "2024-04-23T13:25:37.270Z", "vendors": [10, 4, 5]}}, {"model": "orders.order", "pk": 53, "fields": {"user": 26, "payment": 25, "order_number": "2024042306371553", "first_name": "Alagha", "last_name": "Maleki", "phone": "6043580654", "email": "ali60vip@yahoo.com", "address": "124 Conch St, Holden Beach, NC, USA", "country": "United States", "state": "NC", "city": "Holden Beach", "pin_code": "12345", "total": 183.67, "tax_data": "{\"GST\": {\"5.00\": 8.20}, \"PST\": {\"7.00\": 11.48}}", "total_data": "{\"5\": {\"38.99\": \"{'GST': {'5.00': '1.95'}, 'PST': {'7.00': '2.73'}}\"}, \"10\": {\"15.00\": \"{'GST': {'5.00': '0.75'}, 'PST': {'7.00': '1.05'}}\"}, \"4\": {\"110.00\": \"{'GST': {'5.00': '5.50'}, 'PST': {'7.00': '7.70'}}\"}}", "total_tax": 19.68, "payment_method": "PayPal", "status": "New", "is_ordered": true, "created_at": "2024-04-23T13:37:15.404Z", "updated_at": "2024-04-23T13:37:25.212Z", "vendors": [10, 4, 5]}}, {"model": "orders.order", "pk": 54, "fields": {"user": 26, "payment": 26, "order_number": "2024042307030554", "first_name": "Alagha", "last_name": "Maleki", "phone": "6043580654", "email": "ali60vip@yahoo.com", "address": "124 Conch St, Holden Beach, NC, USA", "country": "United States", "state": "NC", "city": "Holden Beach", "pin_code": "12345", "total": 183.67, "tax_data": "{\"GST\": {\"5.00\": 8.20}, \"PST\": {\"7.00\": 11.48}}", "total_data": "{\"5\": {\"38.99\": \"{'GST': {'5.00': '1.95'}, 'PST': {'7.00': '2.73'}}\"}, \"10\": {\"15.00\": \"{'GST': {'5.00': '0.75'}, 'PST': {'7.00': '1.05'}}\"}, \"4\": {\"110.00\": \"{'GST': {'5.00': '5.50'}, 'PST': {'7.00': '7.70'}}\"}}", "total_tax": 19.68, "payment_method": "PayPal", "status": "New", "is_ordered": true, "created_at": "2024-04-23T14:03:05.135Z", "updated_at": "2024-04-23T14:03:28.411Z", "vendors": [10, 4, 5]}}, {"model": "orders.orderedfood", "pk": 76, "fields": {"order": 45, "payment": 23, "user": 20, "fooditem": 22, "quantity": 2, "price": 12.99, "amount": 25.98, "created_at": "2024-04-22T05:24:52.829Z", "updated_at": "2024-04-22T05:24:52.829Z"}}, {"model": "orders.orderedfood", "pk": 77, "fields": {"order": 45, "payment": 23, "user": 20, "fooditem": 4, "quantity": 1, "price": 25.0, "amount": 25.0, "created_at": "2024-04-22T05:24:52.834Z", "updated_at": "2024-04-22T05:24:52.834Z"}}, {"model": "orders.orderedfood", "pk": 78, "fields": {"order": 45, "payment": 23, "user": 20, "fooditem": 6, "quantity": 2, "price": 12.0, "amount": 24.0, "created_at": "2024-04-22T05:24:52.836Z", "updated_at": "2024-04-22T05:24:52.836Z"}}, {"model": "orders.orderedfood", "pk": 79, "fields": {"order": 45, "payment": 23, "user": 20, "fooditem": 18, "quantity": 2, "price": 7.0, "amount": 14.0, "created_at": "2024-04-22T05:24:52.839Z", "updated_at": "2024-04-22T05:24:52.839Z"}}, {"model": "orders.orderedfood", "pk": 80, "fields": {"order": 45, "payment": 23, "user": 20, "fooditem": 19, "quantity": 1, "price": 44.0, "amount": 44.0, "created_at": "2024-04-22T05:24:52.842Z", "updated_at": "2024-04-22T05:24:52.842Z"}}, {"model": "orders.orderedfood", "pk": 81, "fields": {"order": 45, "payment": 23, "user": 20, "fooditem": 23, "quantity": 5, "price": 11.0, "amount": 55.0, "created_at": "2024-04-22T05:24:52.844Z", "updated_at": "2024-04-22T05:24:52.844Z"}}, {"model": "orders.orderedfood", "pk": 82, "fields": {"order": 46, "payment": 24, "user": 26, "fooditem": 24, "quantity": 2, "price": 13.0, "amount": 26.0, "created_at": "2024-04-22T13:13:43.081Z", "updated_at": "2024-04-22T13:13:43.081Z"}}, {"model": "orders.orderedfood", "pk": 83, "fields": {"order": 46, "payment": 24, "user": 26, "fooditem": 22, "quantity": 1, "price": 12.99, "amount": 12.99, "created_at": "2024-04-22T13:13:43.085Z", "updated_at": "2024-04-22T13:13:43.085Z"}}, {"model": "orders.orderedfood", "pk": 84, "fields": {"order": 46, "payment": 24, "user": 26, "fooditem": 18, "quantity": 1, "price": 7.0, "amount": 7.0, "created_at": "2024-04-22T13:13:43.087Z", "updated_at": "2024-04-22T13:13:43.087Z"}}, {"model": "orders.orderedfood", "pk": 85, "fields": {"order": 46, "payment": 24, "user": 26, "fooditem": 20, "quantity": 1, "price": 8.0, "amount": 8.0, "created_at": "2024-04-22T13:13:43.089Z", "updated_at": "2024-04-22T13:13:43.089Z"}}, {"model": "orders.orderedfood", "pk": 86, "fields": {"order": 46, "payment": 24, "user": 26, "fooditem": 4, "quantity": 2, "price": 25.0, "amount": 50.0, "created_at": "2024-04-22T13:13:43.091Z", "updated_at": "2024-04-22T13:13:43.091Z"}}, {"model": "orders.orderedfood", "pk": 87, "fields": {"order": 46, "payment": 24, "user": 26, "fooditem": 3, "quantity": 4, "price": 15.0, "amount": 60.0, "created_at": "2024-04-22T13:13:43.093Z", "updated_at": "2024-04-22T13:13:43.093Z"}}, {"model": "orders.orderedfood", "pk": 88, "fields": {"order": 53, "payment": 25, "user": 26, "fooditem": 24, "quantity": 2, "price": 13.0, "amount": 26.0, "created_at": "2024-04-23T13:37:25.219Z", "updated_at": "2024-04-23T13:37:25.219Z"}}, {"model": "orders.orderedfood", "pk": 89, "fields": {"order": 53, "payment": 25, "user": 26, "fooditem": 22, "quantity": 1, "price": 12.99, "amount": 12.99, "created_at": "2024-04-23T13:37:25.231Z", "updated_at": "2024-04-23T13:37:25.231Z"}}, {"model": "orders.orderedfood", "pk": 90, "fields": {"order": 53, "payment": 25, "user": 26, "fooditem": 18, "quantity": 1, "price": 7.0, "amount": 7.0, "created_at": "2024-04-23T13:37:25.234Z", "updated_at": "2024-04-23T13:37:25.234Z"}}, {"model": "orders.orderedfood", "pk": 91, "fields": {"order": 53, "payment": 25, "user": 26, "fooditem": 20, "quantity": 1, "price": 8.0, "amount": 8.0, "created_at": "2024-04-23T13:37:25.236Z", "updated_at": "2024-04-23T13:37:25.236Z"}}, {"model": "orders.orderedfood", "pk": 92, "fields": {"order": 53, "payment": 25, "user": 26, "fooditem": 4, "quantity": 2, "price": 25.0, "amount": 50.0, "created_at": "2024-04-23T13:37:25.238Z", "updated_at": "2024-04-23T13:37:25.238Z"}}, {"model": "orders.orderedfood", "pk": 93, "fields": {"order": 53, "payment": 25, "user": 26, "fooditem": 3, "quantity": 4, "price": 15.0, "amount": 60.0, "created_at": "2024-04-23T13:37:25.240Z", "updated_at": "2024-04-23T13:37:25.240Z"}}, {"model": "orders.orderedfood", "pk": 94, "fields": {"order": 54, "payment": 26, "user": 26, "fooditem": 24, "quantity": 2, "price": 13.0, "amount": 26.0, "created_at": "2024-04-23T14:03:28.420Z", "updated_at": "2024-04-23T14:03:28.420Z"}}, {"model": "orders.orderedfood", "pk": 95, "fields": {"order": 54, "payment": 26, "user": 26, "fooditem": 22, "quantity": 1, "price": 12.99, "amount": 12.99, "created_at": "2024-04-23T14:03:28.427Z", "updated_at": "2024-04-23T14:03:28.427Z"}}, {"model": "orders.orderedfood", "pk": 96, "fields": {"order": 54, "payment": 26, "user": 26, "fooditem": 18, "quantity": 1, "price": 7.0, "amount": 7.0, "created_at": "2024-04-23T14:03:28.431Z", "updated_at": "2024-04-23T14:03:28.431Z"}}, {"model": "orders.orderedfood", "pk": 97, "fields": {"order": 54, "payment": 26, "user": 26, "fooditem": 20, "quantity": 1, "price": 8.0, "amount": 8.0, "created_at": "2024-04-23T14:03:28.435Z", "updated_at": "2024-04-23T14:03:28.435Z"}}, {"model": "orders.orderedfood", "pk": 98, "fields": {"order": 54, "payment": 26, "user": 26, "fooditem": 4, "quantity": 2, "price": 25.0, "amount": 50.0, "created_at": "2024-04-23T14:03:28.439Z", "updated_at": "2024-04-23T14:03:28.439Z"}}, {"model": "orders.orderedfood", "pk": 99, "fields": {"order": 54, "payment": 26, "user": 26, "fooditem": 3, "quantity": 4, "price": 15.0, "amount": 60.0, "created_at": "2024-04-23T14:03:28.442Z", "updated_at": "2024-04-23T14:03:28.442Z"}}]